"contrast","old_version","new_version","model","term","N_old","N_new","estimate_old","estimate_new","delta_B","outcome_sd_old","outcome_sd_new","estimate_over_y_sd_old","estimate_over_y_sd_new","delta_B_over_y_sd","se_classical_old","se_classical_new","delta_se_classical","p_classical_old","p_classical_new","se_hc3_old","se_hc3_new","delta_se_hc3","p_hc3_old","p_hc3_new"
"measurement_effect","historical_common","syntax_common","Model1","(Intercept)",1646,1646,38.4469853491411,39.1423724580388,0.695387108897641,16.343456333607,17.9590195459262,2.3524390780231,2.1795383850405,-0.1729006929826,1.81352713302734,1.98105774546273,0.167530612435388,2.33268296256712e-88,4.01172682389668e-78,1.89036151914516,2.03932236689591,0.148960847750751,3.43725013014082e-82,3.10239223586614e-74
"measurement_effect","historical_common","syntax_common","Model1","edu_bachelor",1646,1646,6.27421648130104,7.72222104649725,1.44800456519622,16.343456333607,17.9590195459262,0.383897772492554,0.429991237926401,0.0460934654338473,0.816783079044427,0.892236137875012,0.0754530588305852,2.68383110474201e-14,1.15632410098058e-17,0.827708904828952,0.906844922950454,0.0791360181215022,5.73679006252844e-14,3.691079018927e-17
"measurement_effect","historical_common","syntax_common","Model1","edu_postgrad",1646,1646,16.1993986384801,17.9396798567935,1.74028121831338,16.343456333607,17.9590195459262,0.991185604061569,0.998923121104507,0.00773751704293857,1.49431679031622,1.63235928358527,0.138042493269046,1.70375405338284e-26,3.68008229382691e-27,1.40404520035493,1.41863106890281,0.0145858685478761,1.14818940334446e-29,4.80581182923185e-35
"measurement_effect","historical_common","syntax_common","Model1","female",1646,1646,0.942657767125949,1.34892109357546,0.406263326449513,16.343456333607,17.9590195459262,0.0576779934356704,0.0751110655081082,0.0174330720724378,0.775558234582253,0.84720301102515,0.0716447764428976,0.224366632998584,0.11153118538021,0.778223128388391,0.849756364271012,0.071533235882621,0.225956776086234,0.11260997607371
"measurement_effect","historical_common","syntax_common","Model1","age",1646,1646,0.229997001749924,0.299799552884338,0.0698025511344141,16.343456333607,17.9590195459262,0.0140727271548419,0.0166935367555933,0.00262080960075139,0.0411642909650834,0.0449669795216846,0.00380268855660124,2.6954909250368e-08,3.55331437211533e-11,0.0421856327799177,0.0457072075661599,0.00352157478624224,5.73904503142397e-08,7.23274146472202e-11
"measurement_effect","historical_common","syntax_common","Model2","(Intercept)",1646,1646,36.6368445080402,37.2368490462045,0.600004538164349,16.343456333607,17.9590195459262,2.24168277261548,2.07343440720578,-0.168248365409706,2.18825749040404,2.39051848467622,0.202260994272176,3.29728119227513e-58,3.98519712011734e-51,2.2842715007142,2.45019060955345,0.165919108839251,6.88846512918064e-54,6.68300460544072e-49
"measurement_effect","historical_common","syntax_common","Model2","edu_bachelor",1646,1646,6.07212803529118,7.50948386252279,1.43735582723161,16.343456333607,17.9590195459262,0.371532674077336,0.418145536470905,0.0466128623935685,0.827873789272264,0.904394297706199,0.0765205084339345,3.47971449977601e-13,2.09098819781435e-16,0.835749225597094,0.915904268346325,0.0801550427492315,5.7228203385548e-13,4.8360125199628e-16
"measurement_effect","historical_common","syntax_common","Model2","edu_postgrad",1646,1646,15.7606445455241,17.4778062958073,1.71716175028324,16.343456333607,17.9590195459262,0.964339746979686,0.973204926422164,0.00886517944247744,1.52302920300497,1.6638030389252,0.140773835920227,2.35010112061339e-24,5.01697358450418e-25,1.42909304580013,1.45761192893488,0.0285188831347436,2.47789116754242e-27,8.14643693385691e-32
"measurement_effect","historical_common","syntax_common","Model2","female",1646,1646,0.917547422447805,1.32248759813854,0.404940175690733,16.343456333607,17.9590195459262,0.0561415776270687,0.0736391869698993,0.0174976093428305,0.775465553912036,0.847141960663014,0.0716764067509773,0.236892910764804,0.118689116314016,0.778328229500883,0.849507487591107,0.0711792580902234,0.23862114126584,0.119718093293479
"measurement_effect","historical_common","syntax_common","Model2","age",1646,1646,0.243204924303156,0.313703446479474,0.0704985221763178,16.343456333607,17.9590195459262,0.0148808746044161,0.0174677379061394,0.00258686330172326,0.0421099152698989,0.0460021415588783,0.00389222628897948,9.16191434579188e-09,1.28178487655359e-11,0.0429057489873659,0.0462484750079606,0.00334272602059468,1.7002826124111e-08,1.63802706118414e-11
"measurement_effect","historical_common","syntax_common","Model2","par_edu_yrs",1646,1646,0.149307953522547,0.157175505104469,0.00786755158192276,16.343456333607,17.9590195459262,0.00913564123003316,0.00875189788075722,-0.000383743349275942,0.101087920089575,0.110431492916761,0.0093435728271853,0.139864724779616,0.154843708649549,0.106638939190277,0.115612165376918,0.00897322618664109,0.161664730738578,0.17417299363883
"measurement_effect","historical_common","syntax_common","Model3","(Intercept)",1646,1646,32.8019142455018,32.4228784041651,-0.379035841336758,16.343456333607,17.9590195459262,2.00703655187375,1.8053813194674,-0.201655232406358,2.4226319324467,2.64314502882264,0.220513096375945,1.13601439389318e-39,3.70164747723025e-33,2.47735194660415,2.6792979011247,0.20194595452055,4.28236820794899e-38,2.38138891815493e-32
"measurement_effect","historical_common","syntax_common","Model3","edu_bachelor",1646,1646,6.20533350148272,7.67669608274731,1.47136258126459,16.343456333607,17.9590195459262,0.379683059373599,0.427456302005566,0.0477732426319674,0.825632765983746,0.900783611334258,0.0751508453505114,9.25359493161688e-14,3.49374858003944e-17,0.835089182025355,0.914102041851376,0.0790128598260211,1.73004046698565e-13,9.69087520837031e-17
"measurement_effect","historical_common","syntax_common","Model3","edu_postgrad",1646,1646,15.8990334550012,17.6515252689826,1.75249181398133,16.343456333607,17.9590195459262,0.972807289380283,0.982878003102712,0.0100707137224291,1.51788440134793,1.65604545866708,0.138161057319153,6.7802839448102e-25,1.07686057250276e-25,1.41907867541321,1.4483231577472,0.0292444823339881,3.99211179765511e-28,9.04577437928951e-33
"measurement_effect","historical_common","syntax_common","Model3","female",1646,1646,1.06221415702832,1.5040870968187,0.441872939790373,16.343456333607,17.9590195459262,0.064993238599359,0.0837510696490042,0.0187578310496452,0.773629320349453,0.844046701790135,0.0704173814406822,0.16993168022872,0.0749351182897124,0.777637763914434,0.847756295577945,0.0701185316635109,0.172142112938399,0.0762160984723842
"measurement_effect","historical_common","syntax_common","Model3","age",1646,1646,0.271926208532314,0.349757144882145,0.0778309363498317,16.343456333607,17.9590195459262,0.0166382314108891,0.0194752917322529,0.00283706032136382,0.04269391122958,0.046580001574359,0.00388609034477902,2.46198037962124e-10,9.75266079533874e-14,0.0432655947873892,0.0466363793634534,0.00337078457606422,4.19184964468002e-10,1.04283108501214e-13
"measurement_effect","historical_common","syntax_common","Model3","par_edu_yrs",1646,1646,0.280678643459584,0.322084538981599,0.0414058955220151,16.343456333607,17.9590195459262,0.0171737628644943,0.0179344166399473,0.000760653775453035,0.107018842536361,0.116759924548118,0.00974108201175625,0.00880437807522255,0.00587090411207467,0.111325761566676,0.121770888517127,0.0104451269504512,0.0117884788667989,0.00824702560635685
"measurement_effect","historical_common","syntax_common","Model3","rural_origin",1646,1646,3.02452982446734,3.79667863147041,0.772148807003067,16.343456333607,17.9590195459262,0.185060599345073,0.21140790129223,0.0263473019471571,0.833156998952855,0.908992715945505,0.0758357169926499,0.000291897901700492,3.11199849903485e-05,0.827300579031318,0.912989432860763,0.0856888538294455,0.000264366370052751,3.36897972573669e-05
"measurement_effect","historical_common","syntax_common","Model4","(Intercept)",1646,1646,33.5618226921179,33.1694952924889,-0.392327399629011,16.343456333607,17.9590195459262,2.05353274160894,1.84695468523018,-0.206578056378755,2.46966127659796,2.69517419411858,0.225512917520622,6.19860456345052e-40,2.3566216293851e-33,2.5173215041874,2.72562875382046,0.20830724963306,1.42529551547587e-38,1.11250726400445e-32
"measurement_effect","historical_common","syntax_common","Model4","edu_bachelor",1646,1646,5.15911611346708,6.60120313482475,1.44208702135767,16.343456333607,17.9590195459262,0.315668608166953,0.367570351930606,0.0519017437636539,1.11245688855194,1.21403899656428,0.101582108012338,3.8050279591684e-06,6.22373725990997e-08,1.09560591409715,1.19670138977787,0.101095475680714,2.70058275917247e-06,4.0204717122051e-08
"measurement_effect","historical_common","syntax_common","Model4","edu_postgrad",1646,1646,14.1155297823308,16.2139124390758,2.09838265674499,16.343456333607,17.9590195459262,0.863680820886408,0.902828375324851,0.0391475544384433,1.91969467932446,2.09498833274386,0.175293653419399,3.0483004671424e-13,1.73631372554181e-14,1.86037368036825,1.90371930560684,0.0433456252385824,5.44181076864533e-14,3.653000301021e-17
"measurement_effect","historical_common","syntax_common","Model4","female",1646,1646,1.049302814535,1.49224912903909,0.442946314504093,16.343456333607,17.9590195459262,0.0642032378657459,0.0830919040553966,0.0188886661896506,0.77342915806189,0.844053525695949,0.0706243676340594,0.175067112567742,0.0772545748810961,0.777720526056545,0.848083203502467,0.070362677445923,0.177458371047154,0.078670041496754
"measurement_effect","historical_common","syntax_common","Model4","age",1646,1646,0.266895458988893,0.345158664460151,0.078263205471258,16.343456333607,17.9590195459262,0.016330417112571,0.0192192376414249,0.00288882052885385,0.0427799994098151,0.0466863822688149,0.00390638285899982,5.60232293965241e-10,2.27768188021375e-13,0.0433676275776295,0.0467776565203611,0.00341002894273167,9.46591812346362e-10,2.52968288123002e-13
"measurement_effect","historical_common","syntax_common","Model4","par_edu_yrs",1646,1646,0.29431583300128,0.333778991661339,0.0394631586600587,16.343456333607,17.9590195459262,0.0180081756877876,0.0185855909788267,0.000577415291039048,0.107294199396007,0.117091586660452,0.00979738726444461,0.00615307379568771,0.00441863607933913,0.111927212987203,0.122416326438108,0.0104891134509049,0.00863041199051364,0.00646754014233417
"measurement_effect","historical_common","syntax_common","Model4","rural_origin",1646,1646,1.65083043174702,2.44848603562815,0.797655603881126,16.343456333607,17.9590195459262,0.1010086482351,0.136337400233163,0.0353287519980634,1.20570540033681,1.31580233754711,0.110096937210303,0.171130130637359,0.0629471912515108,1.23529719728373,1.35580815657331,0.120510959289584,0.18160977045482,0.0711138798462639
"measurement_effect","historical_common","syntax_common","Model4","bach_x_rural",1646,1646,2.20472214492619,2.29359073564166,0.0888685907154767,16.343456333607,17.9590195459262,0.134899381129843,0.127712469479545,-0.00718691165029714,1.62639722495859,1.7749089203572,0.148511695398608,0.17541775229838,0.196459852907227,1.65618742892437,1.82082990615627,0.164642477231901,0.18330748823695,0.207978707887695
"measurement_effect","historical_common","syntax_common","Model4","post_x_rural",1646,1646,4.3800698704589,3.41584036174403,-0.964229508714863,16.343456333607,17.9590195459262,0.26800144235416,0.190201940201066,-0.0777995021530938,3.09010328088868,3.37227080439344,0.282167523504761,0.156541421484125,0.311248087874244,2.82182241087874,2.84006532298365,0.018242912104915,0.120804526001175,0.229253576619875
"measurement_effect","historical_common","syntax_common","Model5","(Intercept)",1646,1646,48.858706066032,52.1355095585302,3.2768034924982,16.343456333607,17.9590195459262,2.98949653419173,2.90302649458146,-0.0864700396102704,1.55628326252155,1.69814605121529,0.141862788693735,9.37031924364025e-170,7.2328292303756e-164,1.61068137124513,1.78220350842245,0.17152213717732,9.22452412008084e-161,1.10204775245985e-151
"measurement_effect","historical_common","syntax_common","Model5","edu_bachelor",1646,1646,6.18387695290864,7.65678425722019,1.47290730431155,16.343456333607,17.9590195459262,0.37837020680826,0.42634756522424,0.0479773584159804,0.828886612121567,0.90444365828291,0.0755570461613436,1.39229931873185e-13,5.57226924336267e-17,0.83712544917924,0.917898937221928,0.0807734880426879,2.38101440144849e-13,1.53530163590835e-16
"measurement_effect","historical_common","syntax_common","Model5","edu_postgrad",1646,1646,15.9710300544281,17.7128022075442,1.74177215311607,16.343456333607,17.9590195459262,0.977212514196702,0.986290045636822,0.00907753144011969,1.52296109068671,1.66178640134822,0.138825310661513,6.01137046742598e-25,1.07871805486877e-25,1.42014262303581,1.45090208258162,0.0307594595458052,2.56682637024977e-28,7.20281687129268e-33
"measurement_effect","historical_common","syntax_common","Model5","female",1646,1646,1.09831283257665,1.48943768225881,0.391124849682163,16.343456333607,17.9590195459262,0.0672019926604015,0.0829353561562702,0.0157333634958688,0.777309641484486,0.848165195916685,0.0708555544321992,0.157855542318256,0.0792633971747494,0.77976816231691,0.850322493974995,0.0705543316580849,0.159169404356649,0.0800272766667531
"measurement_effect","historical_common","syntax_common","Model5","par_edu_yrs",1646,1646,0.259678736929846,0.29520832506317,0.035529588133324,16.343456333607,17.9590195459262,0.0158888506585887,0.0164378865064566,0.00054903584786789,0.106700948893305,0.116427259347705,0.00972631045440048,0.0150514930053899,0.0113191237950502,0.111118454126925,0.121733361207456,0.0106149070805308,0.0195616026471343,0.0154142594577377
"measurement_effect","historical_common","syntax_common","Model5","rural_origin",1646,1646,2.91848875680422,3.61722852583607,0.698739769031855,16.343456333607,17.9590195459262,0.178572310362707,0.201415701819679,0.0228433914569723,0.833799700979947,0.909804599086586,0.0760048981066386,0.000477319328587295,7.31879378564136e-05,0.827090495022298,0.911766393928858,0.0846758989065599,0.000429272747803216,7.58382115216907e-05
"measurement_effect","historical_common","syntax_common","Model5","cohort2",1646,1646,-3.54184236325777,-2.62449377899289,0.917348584264881,16.343456333607,17.9590195459262,-0.216713178103869,-0.146137920963966,0.0705752571399026,1.49150446065292,1.62746234649083,0.135957885837918,0.0176789641629391,0.107017778403535,1.49332822479301,1.60880441641474,0.115476191621733,0.0178178401276424,0.103012680300952
"measurement_effect","historical_common","syntax_common","Model5","cohort3",1646,1646,-5.80916807420377,-6.61060190177862,-0.801433827574848,16.343456333607,17.9590195459262,-0.355443056574171,-0.368093697146075,-0.0126506405719036,1.43258057353204,1.56316726047002,0.130586686937983,5.24813774189837e-05,2.4773511483126e-05,1.41126987692712,1.52422443208867,0.11295455516155,4.04224426041413e-05,1.53235568264598e-05
"measurement_effect","historical_common","syntax_common","Model5","cohort4",1646,1646,-7.88525728965804,-9.28928692488727,-1.40402963522923,16.343456333607,17.9590195459262,-0.482471830236033,-0.517249112688583,-0.0347772824525504,1.42177880869487,1.55138086223126,0.129602053536393,3.40122870200528e-08,2.60957619218768e-09,1.41327147685091,1.51688902935725,0.103617552506342,2.81881382156017e-08,1.14091731697561e-09
"measurement_effect","historical_common","syntax_common","Model6","(Intercept)",1646,1646,48.9497306453245,52.1384888192827,3.18875817395816,16.343456333607,17.9590195459262,2.99506601578941,2.90319238675307,-0.0918736290363404,1.7610988357912,1.92240234618371,0.161303510392508,1.62286320651392e-139,5.12374756763139e-134,1.85160764852028,2.05921954670496,0.207611898184687,1.78718406968357e-128,1.45419574579696e-119
"measurement_effect","historical_common","syntax_common","Model6","edu_bachelor",1646,1646,5.87312464614316,7.74673824743409,1.87361360129093,16.343456333607,17.9590195459262,0.359356339703143,0.431356412727516,0.0720000730243731,2.52188992154857,2.7528762176621,0.230986296113536,0.0199881981503605,0.00495083937880516,2.48840294516512,2.63619203432378,0.147789089158655,0.0183823305590833,0.00334321296658458
"measurement_effect","historical_common","syntax_common","Model6","edu_postgrad",1646,1646,15.7635299614951,11.9054313851579,-3.85809857633721,16.343456333607,17.9590195459262,0.964516295679798,0.662922124156746,-0.301594171523053,11.1631394167407,12.1855996775314,1.02246026079069,0.158109675555544,0.328709955731177,1.6657514457671,1.81585027670207,0.150098830934978,1.00312654101834e-20,7.3760300372212e-11
"measurement_effect","historical_common","syntax_common","Model6","female",1646,1646,1.16661866875588,1.5572463203592,0.39062765160333,16.343456333607,17.9590195459262,0.0713813923409189,0.0867110989203442,0.0153297065794254,0.777959111183068,0.849214359909234,0.0712552487261664,0.133914515275754,0.0668733259513237,0.781254904669293,0.852774092886171,0.0715191882168779,0.135561895294259,0.0680187254036798
"measurement_effect","historical_common","syntax_common","Model6","par_edu_yrs",1646,1646,0.258030117634771,0.295600655395908,0.0375705377611367,16.343456333607,17.9590195459262,0.0157879773022176,0.0164597323723589,0.000671755070141299,0.106775964932236,0.116555846457953,0.00977988152571753,0.0157772792688781,0.0113011700024367,0.111384903818186,0.121888949499786,0.0105040456816002,0.0206509474371005,0.0154094426041319
"measurement_effect","historical_common","syntax_common","Model6","rural_origin",1646,1646,2.95610717674094,3.64489688586644,0.688789709125498,16.343456333607,17.9590195459262,0.180874052366898,0.202956340492053,0.0220822881251549,0.83754374510575,0.91425650162299,0.0767127565172401,0.000427909193947317,6.99480023600258e-05,0.82875220805487,0.914182913105095,0.085430705050225,0.00037161096027137,6.98544085481133e-05
"measurement_effect","historical_common","syntax_common","Model6","cohort2",1646,1646,-2.25180160016177,-1.07267524890147,1.1791263512603,16.343456333607,17.9590195459262,-0.13778001141236,-0.0597290540365158,0.0780509573758437,1.92768151384539,2.10424275435198,0.17656124050659,0.242921079205092,0.610283099198344,1.98608066568688,2.15696530467174,0.170884638984856,0.257048590228688,0.619039181957061
"measurement_effect","historical_common","syntax_common","Model6","cohort3",1646,1646,-6.87838879223513,-7.91628542814164,-1.03789663590651,16.343456333607,17.9590195459262,-0.420865002593798,-0.440797194295462,-0.0199321917016634,1.90713007289961,2.08180895478963,0.174678881890022,0.000319494414907268,0.000148460584663578,1.95014427559706,2.15147434494952,0.201330069352462,0.000431741282701185,0.000241313999910459
"measurement_effect","historical_common","syntax_common","Model6","cohort4",1646,1646,-8.35416731505538,-9.52596963142693,-1.17180231637155,16.343456333607,17.9590195459262,-0.511162825324576,-0.530428156563133,-0.019265331238557,1.87247139593851,2.04397580167435,0.171504405735836,8.69288219417043e-06,3.41076904921111e-06,1.9297698666962,2.09732388792768,0.167554021231472,1.58824315866629e-05,5.98251612981716e-06
"measurement_effect","historical_common","syntax_common","Model6","bach_x_c2",1646,1646,-2.65544882167798,-3.48112606856163,-0.825677246883648,16.343456333607,17.9590195459262,-0.162477799522589,-0.193837200280306,-0.0313594007577168,3.08006273636689,3.36217349671041,0.282110760343515,0.388736590060393,0.300645123413367,3.09431305487828,3.31568586889681,0.221372814018535,0.390924299892208,0.293921366864951
"measurement_effect","historical_common","syntax_common","Model6","bach_x_c3",1646,1646,1.39729379761082,1.71072139154683,0.313427593936013,16.343456333607,17.9590195459262,0.0854956117658889,0.0952569480294868,0.00976133626359792,2.91133602015738,3.1779926724926,0.266656652335223,0.631327773094501,0.590441678911782,2.8817042839277,3.09147435462963,0.209770070701934,0.627823378249432,0.580087641641297
"measurement_effect","historical_common","syntax_common","Model6","bach_x_c4",1646,1646,1.22795496645457,0.363974699828303,-0.863980266626271,16.343456333607,17.9590195459262,0.0751343498822544,0.0202669582767321,-0.0548673916055223,2.85191109893961,3.11312487197561,0.261213773035993,0.66683600965157,0.906940862628619,2.84840257452159,3.04372315760796,0.195320583086369,0.666450430522067,0.904828955170202
"measurement_effect","historical_common","syntax_common","Model6","post_x_c2",1646,1646,-2.68415249421174,2.75056343110328,5.43471592531502,16.343456333607,17.9590195459262,-0.164234078729866,0.153157772564884,0.31739185129475,11.7200369985705,12.7935049217664,1.0734679231959,0.818880120333449,0.829796642831748,3.29491938075359,3.43643425417145,0.141514873417861,0.415400919743851,0.423588663552963
"measurement_effect","historical_common","syntax_common","Model6","post_x_c3",1646,1646,4.4788152808565,9.17242628577955,4.69361100492306,16.343456333607,17.9590195459262,0.274043335108176,0.510742040361563,0.236698705253387,11.4620802766378,12.5119212892189,1.04984101258109,0.696032590614653,0.463605869639958,2.89413382281792,2.95351063522098,0.0593768124030625,0.121924805358647,0.00193161818617659
"measurement_effect","historical_common","syntax_common","Model6","post_x_c4",1646,1646,-1.10070716453512,5.27037744608603,6.37108461062116,16.343456333607,17.9590195459262,-0.0673484936152546,0.293466880672868,0.360815374288122,11.3660186325608,12.4070611154462,1.04104248288543,0.922863824202955,0.671046858797327,2.71831784907154,2.86412693660009,0.145809087528547,0.685587820887057,0.065930161198171
"measurement_effect","historical_common","syntax_common","Model7","(Intercept)",1646,1646,32.8841504822617,32.5515019517391,-0.332648530522633,16.343456333607,17.9590195459262,2.0120683049547,1.81254337791079,-0.199524927043905,2.40258697768707,2.62127469187952,0.218687714192445,1.85947420434759e-40,6.62189136033519e-34,2.47814873095023,2.67425210040546,0.196103369455238,3.02299102269369e-38,1.07522577514992e-32
"measurement_effect","historical_common","syntax_common","Model7","edu_bachelor",1646,1646,6.17926244226146,7.64324427010394,1.46398182784248,16.343456333607,17.9590195459262,0.378087860739412,0.42559362723327,0.047505766493858,0.825168027999749,0.900276280705618,0.0751082527058698,1.1323469723906e-13,4.56352728516851e-17,0.834731851471423,0.913644050103796,0.0789121986323729,2.12330776479423e-13,1.26193307227558e-16
"measurement_effect","historical_common","syntax_common","Model7","edu_postgrad",1646,1646,15.8592653780317,17.6009372592883,1.74167188125658,16.343456333607,17.9590195459262,0.970374017240183,0.980061145001696,0.00968712776151248,1.51735591123843,1.6554683287812,0.138112417542765,8.47633186714784e-25,1.41006105912207e-25,1.4193316850334,1.44997201607261,0.0306403310392038,5.46728593804797e-28,1.56389615759932e-32
"measurement_effect","historical_common","syntax_common","Model7","female",1646,1646,1.06687605224484,1.50892871402326,0.442052661778415,16.343456333607,17.9590195459262,0.065278483967374,0.0840206621616789,0.0187421781943049,0.773504385615574,0.843910122256562,0.0704057366409873,0.167997833284327,0.073957354452995,0.778037734100958,0.848346187084435,0.0703084529834767,0.170488025706181,0.0754790388116605
"measurement_effect","historical_common","syntax_common","Model7","age",1646,1646,0.269091118674592,0.346023109300856,0.0769319906262641,16.343456333607,17.9590195459262,0.0164647619929244,0.0192673719417688,0.00280260994884436,0.0425217904577148,0.0463921989985618,0.00387040854084698,3.19105434307069e-10,1.41014662772341e-13,0.0432358381175345,0.0465496718540013,0.00331383373646683,6.14965313207459e-10,1.69653651240604e-13
"measurement_effect","historical_common","syntax_common","Model7","par_edu_yrs",1646,1646,0.283297137106631,0.324464878467452,0.0411677413608212,16.343456333607,17.9590195459262,0.0173339795037166,0.018066959481708,0.000732979977991426,0.106964005321416,0.116700058185203,0.00973605286378756,0.00816192212151959,0.0054924245518263,0.111405509969135,0.121816347542561,0.0104108375734261,0.0110837804516227,0.00780765293024599
"measurement_effect","historical_common","syntax_common","Model7","rural_origin_f",1646,1646,3.08883700019816,3.85650238595024,0.767665385752078,16.343456333607,17.9590195459262,0.188995334716721,0.214739027155023,0.025743692438302,0.831702992892501,0.907406069655937,0.0757030767634362,0.000210951336922134,2.2577761731021e-05,0.827326870534022,0.912617566161974,0.0852906956279522,0.000195280286377201,2.51248991795984e-05
"historical_to_overview_common","historical_common","overview_common","Model1","(Intercept)",1646,1646,38.4469853491411,38.1266307237669,-0.320354625374264,16.343456333607,14.1914405752258,2.3524390780231,2.68659340971522,0.334154331692122,1.81352713302734,1.54714951805805,-0.26637761496929,2.33268296256712e-88,2.40129313733129e-114,1.89036151914516,1.60262497554621,-0.287736543598952,3.43725013014082e-82,1.00174201903671e-107
"historical_to_overview_common","historical_common","overview_common","Model1","edu_bachelor",1646,1646,6.27421648130104,6.31255245430109,0.038335973000053,16.343456333607,14.1914405752258,0.383897772492554,0.444814070907008,0.0609162984144541,0.816783079044427,0.696810940452857,-0.11997213859157,2.68383110474201e-14,3.6346405555291e-19,0.827708904828952,0.701253990400154,-0.126454914428798,5.73679006252844e-14,5.9907155923619e-19
"historical_to_overview_common","historical_common","overview_common","Model1","edu_postgrad",1646,1646,16.1993986384801,15.26428970348,-0.935108935000079,16.343456333607,14.1914405752258,0.991185604061569,1.07559832439612,0.0844127203345523,1.49431679031622,1.27482597853634,-0.219490811779875,1.70375405338284e-26,9.82959579394818e-32,1.40404520035493,1.248525826438,-0.155519373916935,1.14818940334446e-29,5.85484380650533e-33
"historical_to_overview_common","historical_common","overview_common","Model1","female",1646,1646,0.942657767125949,-1.81630193217058,-2.75895969929653,16.343456333607,14.1914405752258,0.0576779934356704,-0.127985733551343,-0.185663726987014,0.775558234582253,0.661641354577845,-0.113916880004408,0.224366632998584,0.00611436469226318,0.778223128388391,0.664887963003178,-0.113335165385214,0.225956776086234,0.0063675614353888
"historical_to_overview_common","historical_common","overview_common","Model1","age",1646,1646,0.229997001749924,0.262255043933071,0.0322580421831477,16.343456333607,14.1914405752258,0.0140727271548419,0.0184798042554533,0.00440707710061143,0.0411642909650834,0.0351179267009456,-0.00604636426413782,2.6954909250368e-08,1.3173605615102e-13,0.0421856327799177,0.0362892244362819,-0.00589640834363577,5.73904503142397e-08,7.54466902806084e-13
"historical_to_overview_common","historical_common","overview_common","Model2","(Intercept)",1646,1646,36.6368445080402,36.5662526710454,-0.0705918369948009,16.343456333607,14.1914405752258,2.24168277261548,2.57664135485156,0.334958582236083,2.18825749040404,1.86681203217797,-0.32144545822607,3.29728119227513e-58,6.18774138187221e-77,2.2842715007142,1.94213396059912,-0.342137540115087,6.88846512918064e-54,9.51456677048584e-72
"historical_to_overview_common","historical_common","overview_common","Model2","edu_bachelor",1646,1646,6.07212803529118,6.13834812240469,0.0662200871135115,16.343456333607,14.1914405752258,0.371532674077336,0.432538760943021,0.0610060868656845,0.827873789272264,0.70626274911225,-0.121611040160014,3.47971449977601e-13,8.52116640923328e-18,0.835749225597094,0.70837790105679,-0.127371324540304,5.7228203385548e-13,1.05979942927782e-17
"historical_to_overview_common","historical_common","overview_common","Model2","edu_postgrad",1646,1646,15.7606445455241,14.8860747924382,-0.874569753085957,16.343456333607,14.1914405752258,0.964339746979686,1.04894740696198,0.0846076599822925,1.52302920300497,1.29930287180378,-0.22372633120119,2.35010112061339e-24,2.7308583273077e-29,1.42909304580013,1.27385011414177,-0.155242931658364,2.47789116754242e-27,2.31685927668574e-30
"historical_to_overview_common","historical_common","overview_common","Model2","female",1646,1646,0.917547422447805,-1.83794755766136,-2.75549498010917,16.343456333607,14.1914405752258,0.0561415776270687,-0.129510992764885,-0.185652570391953,0.775465553912036,0.661553054396377,-0.113912499515659,0.236892910764804,0.00552784544237097,0.778328229500883,0.665073397370505,-0.113254832130378,0.23862114126584,0.00578197403130567
"historical_to_overview_common","historical_common","overview_common","Model2","age",1646,1646,0.243204924303156,0.2736405405785,0.0304356162753444,16.343456333607,14.1914405752258,0.0148808746044161,0.0192820833887856,0.0044012087843695,0.0421099152698989,0.0359241528223112,-0.00618576244758762,9.16191434579188e-09,4.35538352292325e-14,0.0429057489873659,0.0370042152793413,-0.00590153370802466,1.7002826124111e-08,2.24756624730172e-13
"historical_to_overview_common","historical_common","overview_common","Model2","par_edu_yrs",1646,1646,0.149307953522547,0.128706478790701,-0.0206014747318451,16.343456333607,14.1914405752258,0.00913564123003316,0.00906930329648041,-6.63379335527556e-05,0.101087920089575,0.0862385465872303,-0.0148493735023451,0.139864724779616,0.135774280934149,0.106638939190277,0.0902680431039971,-0.0163708960862794,0.161664730738578,0.154109021812732
"historical_to_overview_common","historical_common","overview_common","Model3","(Intercept)",1646,1646,32.8019142455018,32.9855060837312,0.183591838229333,16.343456333607,14.1914405752258,2.00703655187375,2.32432401128567,0.317287459411918,2.4226319324467,2.06511274239696,-0.357519190049739,1.13601439389318e-39,1.73247045004932e-53,2.47735194660415,2.10844989358884,-0.368902053015306,4.28236820794899e-38,1.59288232698844e-51
"historical_to_overview_common","historical_common","overview_common","Model3","edu_bachelor",1646,1646,6.20533350148272,6.26272457408005,0.0573910725973263,16.343456333607,14.1914405752258,0.379683059373599,0.441302948836143,0.0616198894625439,0.825632765983746,0.70379025502711,-0.121842510956637,9.25359493161688e-14,1.46298471198572e-18,0.835089182025355,0.70758562094811,-0.127503561077245,1.73004046698565e-13,2.20263077259891e-18
"historical_to_overview_common","historical_common","overview_common","Model3","edu_postgrad",1646,1646,15.8990334550012,15.0152911226992,-0.883742332302004,16.343456333607,14.1914405752258,0.972807289380283,1.05805263694734,0.0852453475670608,1.51788440134793,1.29388306028949,-0.224001341058433,6.7802839448102e-25,5.58450172559633e-30,1.41907867541321,1.26372068661977,-0.155357988793443,3.99211179765511e-28,2.72079460364127e-31
"historical_to_overview_common","historical_common","overview_common","Model3","female",1646,1646,1.06221415702832,-1.70286950390708,-2.7650836609354,16.343456333607,14.1914405752258,0.064993238599359,-0.119992716375799,-0.184985954975158,0.773629320349453,0.659461202483223,-0.11416811786623,0.16993168022872,0.00990295679043989,0.777637763914434,0.664960130033271,-0.112677633881163,0.172142112938399,0.0105302315636144
"historical_to_overview_common","historical_common","overview_common","Model3","age",1646,1646,0.271926208532314,0.300458144405999,0.0285319358736851,16.343456333607,14.1914405752258,0.0166382314108891,0.0211717861067968,0.00453355469590773,0.04269391122958,0.0363933699222427,-0.00630054130733735,2.46198037962124e-10,3.06717670367597e-16,0.0432655947873892,0.0372928238878782,-0.00597277089951098,4.19184964468002e-10,1.49432695031527e-15
"historical_to_overview_common","historical_common","overview_common","Model3","par_edu_yrs",1646,1646,0.280678643459584,0.25136976533344,-0.029308878126144,16.343456333607,14.1914405752258,0.0171737628644943,0.0177127729916481,0.000539010127153842,0.107018842536361,0.0912255685390938,-0.0157932739972676,0.00880437807522255,0.0059255658518145,0.111325761566676,0.0936682438203899,-0.017657517746286,0.0117884788667989,0.00735632144845083
"historical_to_overview_common","historical_common","overview_common","Model3","rural_origin",1646,1646,3.02452982446734,2.82406044067749,-0.200469383789849,16.343456333607,14.1914405752258,0.185060599345073,0.198997446785458,0.0139368474403848,0.833156998952855,0.710204101543851,-0.122952897409004,0.000291897901700492,7.30086833262936e-05,0.827300579031318,0.702375275571021,-0.124925303460297,0.000264366370052751,6.06530799241915e-05
"historical_to_overview_common","historical_common","overview_common","Model4","(Intercept)",1646,1646,33.5618226921179,33.2944526494387,-0.267370042679282,16.343456333607,14.1914405752258,2.05353274160894,2.34609393408314,0.292561192474199,2.46966127659796,2.10639124230941,-0.363270034288552,6.19860456345052e-40,1.74360874783077e-52,2.5173215041874,2.13074275238921,-0.386578751798193,1.42529551547587e-38,2.07528350773013e-51
"historical_to_overview_common","historical_common","overview_common","Model4","edu_bachelor",1646,1646,5.15911611346708,5.88873820808105,0.729622094613967,16.343456333607,14.1914405752258,0.315668608166953,0.414949995870122,0.0992813877031699,1.11245688855194,0.948822200719167,-0.163634687832775,3.8050279591684e-06,6.85605630935611e-10,1.09560591409715,0.93276198240092,-0.162843931696234,2.70058275917247e-06,3.51116973703892e-10
"historical_to_overview_common","historical_common","overview_common","Model4","edu_postgrad",1646,1646,14.1155297823308,13.9504529645726,-0.165076817758282,16.343456333607,14.1914405752258,0.863680820886408,0.983018805640213,0.119337984753805,1.91969467932446,1.63732091471557,-0.282373764608884,3.0483004671424e-13,3.55391797629392e-17,1.86037368036825,1.63624812189208,-0.22412555847617,5.44181076864533e-14,3.39346268374301e-17
"historical_to_overview_common","historical_common","overview_common","Model4","female",1646,1646,1.049302814535,-1.70903370403753,-2.75833651857253,16.343456333607,14.1914405752258,0.0642032378657459,-0.120427076798744,-0.184630314664489,0.77342915806189,0.659663096524922,-0.113766061536967,0.175067112567742,0.0096612750369318,0.777720526056545,0.665261318804891,-0.112459207251653,0.177458371047154,0.0102881600191969
"historical_to_overview_common","historical_common","overview_common","Model4","age",1646,1646,0.266895458988893,0.298041178778551,0.0311457197896574,16.343456333607,14.1914405752258,0.016330417112571,0.0210014746000378,0.0046710574874667,0.0427799994098151,0.0364873583906889,-0.00629264101912615,5.60232293965241e-10,6.18253238949526e-16,0.0433676275776295,0.0373470623325719,-0.00602056524505757,9.46591812346362e-10,2.72081680678904e-15
"historical_to_overview_common","historical_common","overview_common","Model4","par_edu_yrs",1646,1646,0.29431583300128,0.258753909701199,-0.0355619233000811,16.343456333607,14.1914405752258,0.0180081756877876,0.0182330967972983,0.000224921109510647,0.107294199396007,0.0915119672887596,-0.0157822321072476,0.00615307379568771,0.00474776241568361,0.111927212987203,0.0943608536573887,-0.0175663593298142,0.00863041199051364,0.00616985791608454
"historical_to_overview_common","historical_common","overview_common","Model4","rural_origin",1646,1646,1.65083043174702,2.26397532811303,0.613144896366009,16.343456333607,14.1914405752258,0.1010086482351,0.159531043808567,0.0585223955734674,1.20570540033681,1.02835450356703,-0.177350896769779,0.171130130637359,0.0278360974448338,1.23529719728373,1.01429634293865,-0.22100085434508,0.18160977045482,0.0257455203530081
"historical_to_overview_common","historical_common","overview_common","Model4","bach_x_rural",1646,1646,2.20472214492619,0.758773350998753,-1.44594879392743,16.343456333607,14.1914405752258,0.134899381129843,0.0534669716563766,-0.0814324094734659,1.62639722495859,1.38716548039668,-0.239231744561906,0.17541775229838,0.584456341590857,1.65618742892437,1.40248549725236,-0.253701931672015,0.18330748823695,0.588567090212464
"historical_to_overview_common","historical_common","overview_common","Model4","post_x_rural",1646,1646,4.3800698704589,2.73901101883376,-1.64105885162514,16.343456333607,14.1914405752258,0.26800144235416,0.193004438437017,-0.0749970039171429,3.09010328088868,2.63557053364897,-0.45453274723971,0.156541421484125,0.298842951363957,2.82182241087874,2.55463594882433,-0.267186462054403,0.120804526001175,0.283800487922641
"historical_to_overview_common","historical_common","overview_common","Model5","(Intercept)",1646,1646,48.858706066032,49.9729733059977,1.11426723996572,16.343456333607,14.1914405752258,2.98949653419173,3.52134605652622,0.53184952233449,1.55628326252155,1.32713167227675,-0.229151590244801,9.37031924364025e-170,4.91197508930848e-224,1.61068137124513,1.38048537373023,-0.230195997514905,9.22452412008084e-161,2.70674232336839e-211
"historical_to_overview_common","historical_common","overview_common","Model5","edu_bachelor",1646,1646,6.18387695290864,6.23328549598697,0.049408543078334,16.343456333607,14.1914405752258,0.37837020680826,0.439228523908171,0.0608583170999115,0.828886612121567,0.70683898115718,-0.122047630964387,1.39229931873185e-13,2.90527272444422e-18,0.83712544917924,0.709756943068287,-0.127368506110952,2.38101440144849e-13,3.95509932175914e-18
"historical_to_overview_common","historical_common","overview_common","Model5","edu_postgrad",1646,1646,15.9710300544281,15.0662234874368,-0.904806566991274,16.343456333607,14.1914405752258,0.977212514196702,1.06164158653055,0.084429072333851,1.52296109068671,1.29871595214659,-0.22424513854012,6.01137046742598e-25,5.8469976327371e-30,1.42014262303581,1.26282530669596,-0.157317316339851,2.56682637024977e-28,1.59415259187626e-31
"historical_to_overview_common","historical_common","overview_common","Model5","female",1646,1646,1.09831283257665,-1.71127495143732,-2.80958778401396,16.343456333607,14.1914405752258,0.0672019926604015,-0.120585006318859,-0.18778699897926,0.777309641484486,0.6628563509118,-0.114453290572685,0.157855542318256,0.00991866073316053,0.77976816231691,0.665388489932558,-0.114379672384352,0.159169404356649,0.0102033999905558
"historical_to_overview_common","historical_common","overview_common","Model5","par_edu_yrs",1646,1646,0.259678736929846,0.228527603415033,-0.0311511335148137,16.343456333607,14.1914405752258,0.0158888506585887,0.0161031998269419,0.000214349168353223,0.106700948893305,0.0909899965825318,-0.0157109523107728,0.0150514930053899,0.0121152022268998,0.111118454126925,0.0938808377715309,-0.0172376163553943,0.0195616026471343,0.0150297762483186
"historical_to_overview_common","historical_common","overview_common","Model5","rural_origin",1646,1646,2.91848875680422,2.67034604323439,-0.248142713569824,16.343456333607,14.1914405752258,0.178572310362707,0.188165960254666,0.00959364989195854,0.833799700979947,0.711028652786818,-0.122771048193129,0.000477319328587295,0.000178972371823681,0.827090495022298,0.700591143151367,-0.126499351870932,0.000429272747803216,0.000143205893146611
"historical_to_overview_common","historical_common","overview_common","Model5","cohort2",1646,1646,-3.54184236325777,-2.45063836064724,1.09120400261053,16.343456333607,14.1914405752258,-0.216713178103869,-0.172684256235787,0.0440289218680817,1.49150446065292,1.27189108611719,-0.219613374535727,0.0176789641629391,0.0541815357420556,1.49332822479301,1.31397279440056,-0.179355430392451,0.0178178401276424,0.0623517670291114
"historical_to_overview_common","historical_common","overview_common","Model5","cohort3",1646,1646,-5.80916807420377,-5.56808606184971,0.241082012354061,16.343456333607,14.1914405752258,-0.355443056574171,-0.392355239225677,-0.0369121826515052,1.43258057353204,1.22164332034409,-0.210937253187948,5.24813774189837e-05,5.55090664004186e-06,1.41126987692712,1.24392682540935,-0.167343051517766,4.04224426041413e-05,8.12251253927027e-06
"historical_to_overview_common","historical_common","overview_common","Model5","cohort4",1646,1646,-7.88525728965804,-8.10217525036433,-0.216917960706285,16.343456333607,14.1914405752258,-0.482471830236033,-0.570919858869606,-0.0884480286335728,1.42177880869487,1.21243203819699,-0.209346770497878,3.40122870200528e-08,3.20878857529291e-11,1.41327147685091,1.23887079770608,-0.174400679144826,2.81881382156017e-08,8.20174189184455e-11
"historical_to_overview_common","historical_common","overview_common","Model6","(Intercept)",1646,1646,48.9497306453245,49.6830379303475,0.73330728502296,16.343456333607,14.1914405752258,2.99506601578941,3.50091575742351,0.505849741634096,1.7610988357912,1.50190912757004,-0.259189708221166,1.62286320651392e-139,4.69519964719089e-184,1.85160764852028,1.57738847227112,-0.274219176249153,1.78718406968357e-128,1.67543568860412e-170
"historical_to_overview_common","historical_common","overview_common","Model6","edu_bachelor",1646,1646,5.87312464614316,7.00095091029276,1.1278262641496,16.343456333607,14.1914405752258,0.359356339703143,0.493322074893115,0.133965735189972,2.52188992154857,2.15073079086956,-0.371159130679006,0.0199881981503605,0.00115655393356478,2.48840294516512,2.25013282866828,-0.238270116496838,0.0183823305590833,0.00189462223971179
"historical_to_overview_common","historical_common","overview_common","Model6","edu_postgrad",1646,1646,15.7635299614951,16.9877022336133,1.22417227211818,16.343456333607,14.1914405752258,0.964516295679798,1.19703860531742,0.232522309637618,11.1631394167407,9.52020445508233,-1.64293496165837,0.158109675555544,0.0745470934447393,1.6657514457671,2.41821866563083,0.752467219863734,1.00312654101834e-20,3.1350719692391e-12
"historical_to_overview_common","historical_common","overview_common","Model6","female",1646,1646,1.16661866875588,-1.66417188376014,-2.83079055251602,16.343456333607,14.1914405752258,0.0713813923409189,-0.117265888190752,-0.188647280531671,0.777959111183068,0.66346298470931,-0.114496126473758,0.133914515275754,0.0122273663389851,0.781254904669293,0.666821958807654,-0.114432945861639,0.135561895294259,0.0126698537167703
"historical_to_overview_common","historical_common","overview_common","Model6","par_edu_yrs",1646,1646,0.258030117634771,0.226842174735016,-0.0311879428997551,16.343456333607,14.1914405752258,0.0157879773022176,0.0159844360783934,0.000196458776175839,0.106775964932236,0.0910612130776722,-0.0157147518545636,0.0157772792688781,0.0128337539891954,0.111384903818186,0.0941592619652614,-0.0172256418529249,0.0206509474371005,0.0161006941071529
"historical_to_overview_common","historical_common","overview_common","Model6","rural_origin",1646,1646,2.95610717674094,2.65163718746938,-0.304469989271557,16.343456333607,14.1914405752258,0.180874052366898,0.186847640548795,0.00597358818189717,0.83754374510575,0.714278250572109,-0.123265494533641,0.000427909193947317,0.000212262113639618,0.82875220805487,0.700374368561519,-0.128377839493351,0.00037161096027137,0.000158620001553725
"historical_to_overview_common","historical_common","overview_common","Model6","cohort2",1646,1646,-2.25180160016177,-1.29943255273901,0.952369047422763,16.343456333607,14.1914405752258,-0.13778001141236,-0.0915645276355835,0.046215483776776,1.92768151384539,1.64397500120526,-0.283706512640134,0.242921079205092,0.429396784077714,1.98608066568688,1.69541447591741,-0.290666189769474,0.257048590228688,0.443525775816751
"historical_to_overview_common","historical_common","overview_common","Model6","cohort3",1646,1646,-6.87838879223513,-6.17746593150527,0.700922860729863,16.343456333607,14.1914405752258,-0.420865002593798,-0.435295197746827,-0.0144301951530283,1.90713007289961,1.6264482184297,-0.280681854469902,0.000319494414907268,0.00015113701669242,1.95014427559706,1.67170239301395,-0.278441882583104,0.000431741282701185,0.000226868936580965
"historical_to_overview_common","historical_common","overview_common","Model6","cohort4",1646,1646,-8.35416731505538,-7.56906915040657,0.785098164648808,16.343456333607,14.1914405752258,-0.511162825324576,-0.533354532281944,-0.0221917069573676,1.87247139593851,1.59689043199577,-0.275580963942743,8.69288219417043e-06,2.32442259896119e-06,1.9297698666962,1.63149040376395,-0.298279462932256,1.58824315866629e-05,3.77403887957432e-06
"historical_to_overview_common","historical_common","overview_common","Model6","bach_x_c2",1646,1646,-2.65544882167798,-2.46336491963336,0.192083902044627,16.343456333607,14.1914405752258,-0.162477799522589,-0.173581033340173,-0.0111032338175837,3.08006273636689,2.62675452576714,-0.453308210599755,0.388736590060393,0.348487118143629,3.09431305487828,2.77183387917416,-0.322479175704119,0.390924299892208,0.374288367329316
"historical_to_overview_common","historical_common","overview_common","Model6","bach_x_c3",1646,1646,1.39729379761082,0.234169624128963,-1.16312417348186,16.343456333607,14.1914405752258,0.0854956117658889,0.0165007648721551,-0.0689948468937338,2.91133602015738,2.48286016277636,-0.428475857381026,0.631327773094501,0.924870945655489,2.8817042839277,2.56948407088462,-0.312220213043082,0.627823378249432,0.927396608126539
"historical_to_overview_common","historical_common","overview_common","Model6","bach_x_c4",1646,1646,1.22795496645457,-0.827694844225767,-2.05564981068034,16.343456333607,14.1914405752258,0.0751343498822544,-0.0583235253558883,-0.133457875238143,2.85191109893961,2.4321811039023,-0.419729995037315,0.66683600965157,0.733667129597182,2.84840257452159,2.51803348989701,-0.33036908462458,0.666450430522067,0.742419478276129
"historical_to_overview_common","historical_common","overview_common","Model6","post_x_c2",1646,1646,-2.68415249421174,-4.3984239895312,-1.71427149531947,16.343456333607,14.1914405752258,-0.164234078729866,-0.309934989771904,-0.145700911042038,11.7200369985705,9.99514063939713,-1.7248963591734,0.818880120333449,0.659954683344332,3.29491938075359,3.40967142171605,0.114752040962461,0.415400919743851,0.197238836232239
"historical_to_overview_common","historical_common","overview_common","Model6","post_x_c3",1646,1646,4.4788152808565,2.39169547153927,-2.08711980931722,16.343456333607,14.1914405752258,0.274043335108176,0.16853084497387,-0.105512490134306,11.4620802766378,9.77514869612,-1.68693158051781,0.696032590614653,0.806741956031202,2.89413382281792,3.35454133248136,0.460407509663436,0.121924805358647,0.475964811050927
"historical_to_overview_common","historical_common","overview_common","Model6","post_x_c4",1646,1646,-1.10070716453512,-3.88829904243942,-2.7875918779043,16.343456333607,14.1914405752258,-0.0673484936152546,-0.273989030347439,-0.206640536732184,11.3660186325608,9.6932249238044,-1.67279370875642,0.922863824202955,0.688372727537269,2.71831784907154,2.99455608330786,0.276238234236317,0.685587820887057,0.19431427843925
"historical_to_overview_common","historical_common","overview_common","Model7","(Intercept)",1646,1646,32.8841504822617,32.9887368915905,0.104586409328739,16.343456333607,14.1914405752258,2.0120683049547,2.32455167019332,0.312483365238622,2.40258697768707,2.04751110203692,-0.355075875650152,1.85947420434759e-40,2.50679560309941e-54,2.47814873095023,2.10927783501797,-0.36887089593226,3.02299102269369e-38,1.69643758842327e-51
"historical_to_overview_common","historical_common","overview_common","Model7","edu_bachelor",1646,1646,6.17926244226146,6.24048142419425,0.0612189819327957,16.343456333607,14.1914405752258,0.378087860739412,0.439735585060218,0.0616477243208063,0.825168027999749,0.70321728789269,-0.121950740107059,1.1323469723906e-13,1.8034898930937e-18,0.834731851471423,0.707041501095922,-0.127690350375502,2.12330776479423e-13,2.7187947105564e-18
"historical_to_overview_common","historical_common","overview_common","Model7","edu_postgrad",1646,1646,15.8592653780317,14.9800919390681,-0.879173438963612,16.343456333607,14.1914405752258,0.970374017240183,1.05557232612586,0.0851983088856814,1.51735591123843,1.29310743080482,-0.224248480433616,8.47633186714784e-25,6.94960161290974e-30,1.4193316850334,1.26410410194095,-0.155227583092453,5.46728593804797e-28,3.84580295185231e-31
"historical_to_overview_common","historical_common","overview_common","Model7","female",1646,1646,1.06687605224484,-1.69558968735446,-2.7624657395993,16.343456333607,14.1914405752258,0.065278483967374,-0.119479744030671,-0.184758227998045,0.773504385615574,0.659188962451962,-0.114315423163613,0.167997833284327,0.0101917695551839,0.778037734100958,0.665368176916734,-0.112669557184224,0.170488025706181,0.0109139806136248
"historical_to_overview_common","historical_common","overview_common","Model7","age",1646,1646,0.269091118674592,0.298318350226101,0.0292272315515091,16.343456333607,14.1914405752258,0.0164647619929244,0.0210210054888211,0.00455624349589671,0.0425217904577148,0.0362375384738302,-0.00628425198388464,3.19105434307069e-10,3.7054805900051e-16,0.0432358381175345,0.0372530336216656,-0.00598280449586892,6.14965313207459e-10,2.19184613823583e-15
"historical_to_overview_common","historical_common","overview_common","Model7","par_edu_yrs",1646,1646,0.283297137106631,0.25644095840869,-0.0268561786979413,16.343456333607,14.1914405752258,0.0173339795037166,0.0180701146616758,0.000736135157959217,0.106964005321416,0.0911559042181988,-0.0158081011032167,0.00816192212151959,0.00496343551344098,0.111405509969135,0.0936650516192754,-0.0177404583498598,0.0110837804516227,0.00625108780503612
"historical_to_overview_common","historical_common","overview_common","Model7","rural_origin_f",1646,1646,3.08883700019816,2.94464804017185,-0.144188960026314,16.343456333607,14.1914405752258,0.188995334716721,0.207494653172304,0.0184993184555833,0.831702992892501,0.708786456998157,-0.122916535894344,0.000210951336922134,3.4281344613454e-05,0.827326870534022,0.701916234835729,-0.125410635698293,0.000195280286377201,2.87280501123042e-05
"crosswalk_sensitivity_common","syntax_common","overview_common","Model1","(Intercept)",1646,1646,39.1423724580388,38.1266307237669,-1.01574173427191,17.9590195459262,14.1914405752258,2.1795383850405,2.68659340971522,0.507055024674722,1.98105774546273,1.54714951805805,-0.433908227404678,4.01172682389668e-78,2.40129313733129e-114,2.03932236689591,1.60262497554621,-0.436697391349703,3.10239223586614e-74,1.00174201903671e-107
"crosswalk_sensitivity_common","syntax_common","overview_common","Model1","edu_bachelor",1646,1646,7.72222104649725,6.31255245430109,-1.40966859219616,17.9590195459262,14.1914405752258,0.429991237926401,0.444814070907008,0.0148228329806068,0.892236137875012,0.696810940452857,-0.195425197422155,1.15632410098058e-17,3.6346405555291e-19,0.906844922950454,0.701253990400154,-0.2055909325503,3.691079018927e-17,5.9907155923619e-19
"crosswalk_sensitivity_common","syntax_common","overview_common","Model1","edu_postgrad",1646,1646,17.9396798567935,15.26428970348,-2.67539015331346,17.9590195459262,14.1914405752258,0.998923121104507,1.07559832439612,0.0766752032916137,1.63235928358527,1.27482597853634,-0.357533305048921,3.68008229382691e-27,9.82959579394818e-32,1.41863106890281,1.248525826438,-0.170105242464811,4.80581182923185e-35,5.85484380650533e-33
"crosswalk_sensitivity_common","syntax_common","overview_common","Model1","female",1646,1646,1.34892109357546,-1.81630193217058,-3.16522302574604,17.9590195459262,14.1914405752258,0.0751110655081082,-0.127985733551343,-0.203096799059452,0.84720301102515,0.661641354577845,-0.185561656447306,0.11153118538021,0.00611436469226318,0.849756364271012,0.664887963003178,-0.184868401267835,0.11260997607371,0.0063675614353888
"crosswalk_sensitivity_common","syntax_common","overview_common","Model1","age",1646,1646,0.299799552884338,0.262255043933071,-0.0375445089512664,17.9590195459262,14.1914405752258,0.0166935367555933,0.0184798042554533,0.00178626749986004,0.0449669795216846,0.0351179267009456,-0.00984905282073906,3.55331437211533e-11,1.3173605615102e-13,0.0457072075661599,0.0362892244362819,-0.00941798312987802,7.23274146472202e-11,7.54466902806084e-13
"crosswalk_sensitivity_common","syntax_common","overview_common","Model2","(Intercept)",1646,1646,37.2368490462045,36.5662526710454,-0.67059637515915,17.9590195459262,14.1914405752258,2.07343440720578,2.57664135485156,0.503206947645789,2.39051848467622,1.86681203217797,-0.523706452498247,3.98519712011734e-51,6.18774138187221e-77,2.45019060955345,1.94213396059912,-0.508056648954337,6.68300460544072e-49,9.51456677048584e-72
"crosswalk_sensitivity_common","syntax_common","overview_common","Model2","edu_bachelor",1646,1646,7.50948386252279,6.13834812240469,-1.3711357401181,17.9590195459262,14.1914405752258,0.418145536470905,0.432538760943021,0.014393224472116,0.904394297706199,0.70626274911225,-0.198131548593948,2.09098819781435e-16,8.52116640923328e-18,0.915904268346325,0.70837790105679,-0.207526367289536,4.8360125199628e-16,1.05979942927782e-17
"crosswalk_sensitivity_common","syntax_common","overview_common","Model2","edu_postgrad",1646,1646,17.4778062958073,14.8860747924382,-2.59173150336919,17.9590195459262,14.1914405752258,0.973204926422164,1.04894740696198,0.075742480539815,1.6638030389252,1.29930287180378,-0.364500167121417,5.01697358450418e-25,2.7308583273077e-29,1.45761192893488,1.27385011414177,-0.183761814793107,8.14643693385691e-32,2.31685927668574e-30
"crosswalk_sensitivity_common","syntax_common","overview_common","Model2","female",1646,1646,1.32248759813854,-1.83794755766136,-3.1604351557999,17.9590195459262,14.1914405752258,0.0736391869698993,-0.129510992764885,-0.203150179734784,0.847141960663014,0.661553054396377,-0.185588906266637,0.118689116314016,0.00552784544237097,0.849507487591107,0.665073397370505,-0.184434090220602,0.119718093293479,0.00578197403130567
"crosswalk_sensitivity_common","syntax_common","overview_common","Model2","age",1646,1646,0.313703446479474,0.2736405405785,-0.0400629059009734,17.9590195459262,14.1914405752258,0.0174677379061394,0.0192820833887856,0.00181434548264624,0.0460021415588783,0.0359241528223112,-0.0100779887365671,1.28178487655359e-11,4.35538352292325e-14,0.0462484750079606,0.0370042152793413,-0.00924425972861934,1.63802706118414e-11,2.24756624730172e-13
"crosswalk_sensitivity_common","syntax_common","overview_common","Model2","par_edu_yrs",1646,1646,0.157175505104469,0.128706478790701,-0.0284690263137679,17.9590195459262,14.1914405752258,0.00875189788075722,0.00906930329648041,0.000317405415723187,0.110431492916761,0.0862385465872303,-0.0241929463295304,0.154843708649549,0.135774280934149,0.115612165376918,0.0902680431039971,-0.0253441222729205,0.17417299363883,0.154109021812732
"crosswalk_sensitivity_common","syntax_common","overview_common","Model3","(Intercept)",1646,1646,32.4228784041651,32.9855060837312,0.562627679566091,17.9590195459262,14.1914405752258,1.8053813194674,2.32432401128567,0.518942691818276,2.64314502882264,2.06511274239696,-0.578032286425684,3.70164747723025e-33,1.73247045004932e-53,2.6792979011247,2.10844989358884,-0.570848007535857,2.38138891815493e-32,1.59288232698844e-51
"crosswalk_sensitivity_common","syntax_common","overview_common","Model3","edu_bachelor",1646,1646,7.67669608274731,6.26272457408005,-1.41397150866727,17.9590195459262,14.1914405752258,0.427456302005566,0.441302948836143,0.0138466468305765,0.900783611334258,0.70379025502711,-0.196993356307148,3.49374858003944e-17,1.46298471198572e-18,0.914102041851376,0.70758562094811,-0.206516420903266,9.69087520837031e-17,2.20263077259891e-18
"crosswalk_sensitivity_common","syntax_common","overview_common","Model3","edu_postgrad",1646,1646,17.6515252689826,15.0152911226992,-2.63623414628333,17.9590195459262,14.1914405752258,0.982878003102712,1.05805263694734,0.0751746338446317,1.65604545866708,1.29388306028949,-0.362162398377586,1.07686057250276e-25,5.58450172559633e-30,1.4483231577472,1.26372068661977,-0.184602471127431,9.04577437928951e-33,2.72079460364127e-31
"crosswalk_sensitivity_common","syntax_common","overview_common","Model3","female",1646,1646,1.5040870968187,-1.70286950390708,-3.20695660072578,17.9590195459262,14.1914405752258,0.0837510696490042,-0.119992716375799,-0.203743786024803,0.844046701790135,0.659461202483223,-0.184585499306912,0.0749351182897124,0.00990295679043989,0.847756295577945,0.664960130033271,-0.182796165544674,0.0762160984723842,0.0105302315636144
"crosswalk_sensitivity_common","syntax_common","overview_common","Model3","age",1646,1646,0.349757144882145,0.300458144405999,-0.0492990004761467,17.9590195459262,14.1914405752258,0.0194752917322529,0.0211717861067968,0.00169649437454391,0.046580001574359,0.0363933699222427,-0.0101866316521164,9.75266079533874e-14,3.06717670367597e-16,0.0466363793634534,0.0372928238878782,-0.0093435554755752,1.04283108501214e-13,1.49432695031527e-15
"crosswalk_sensitivity_common","syntax_common","overview_common","Model3","par_edu_yrs",1646,1646,0.322084538981599,0.25136976533344,-0.0707147736481591,17.9590195459262,14.1914405752258,0.0179344166399473,0.0177127729916481,-0.000221643648299193,0.116759924548118,0.0912255685390938,-0.0255343560090238,0.00587090411207467,0.0059255658518145,0.121770888517127,0.0936682438203899,-0.0281026446967371,0.00824702560635685,0.00735632144845083
"crosswalk_sensitivity_common","syntax_common","overview_common","Model3","rural_origin",1646,1646,3.79667863147041,2.82406044067749,-0.972618190792916,17.9590195459262,14.1914405752258,0.21140790129223,0.198997446785458,-0.0124104545067723,0.908992715945505,0.710204101543851,-0.198788614401654,3.11199849903485e-05,7.30086833262936e-05,0.912989432860763,0.702375275571021,-0.210614157289742,3.36897972573669e-05,6.06530799241915e-05
"crosswalk_sensitivity_common","syntax_common","overview_common","Model4","(Intercept)",1646,1646,33.1694952924889,33.2944526494387,0.124957356949729,17.9590195459262,14.1914405752258,1.84695468523018,2.34609393408314,0.499139248852954,2.69517419411858,2.10639124230941,-0.588782951809174,2.3566216293851e-33,1.74360874783077e-52,2.72562875382046,2.13074275238921,-0.594886001431252,1.11250726400445e-32,2.07528350773013e-51
"crosswalk_sensitivity_common","syntax_common","overview_common","Model4","edu_bachelor",1646,1646,6.60120313482475,5.88873820808105,-0.712464926743699,17.9590195459262,14.1914405752258,0.367570351930606,0.414949995870122,0.047379643939516,1.21403899656428,0.948822200719167,-0.265216795845113,6.22373725990997e-08,6.85605630935611e-10,1.19670138977787,0.93276198240092,-0.263939407376947,4.0204717122051e-08,3.51116973703892e-10
"crosswalk_sensitivity_common","syntax_common","overview_common","Model4","edu_postgrad",1646,1646,16.2139124390758,13.9504529645726,-2.26345947450327,17.9590195459262,14.1914405752258,0.902828375324851,0.983018805640213,0.0801904303153619,2.09498833274386,1.63732091471557,-0.457667418028282,1.73631372554181e-14,3.55391797629392e-17,1.90371930560684,1.63624812189208,-0.267471183714752,3.653000301021e-17,3.39346268374301e-17
"crosswalk_sensitivity_common","syntax_common","overview_common","Model4","female",1646,1646,1.49224912903909,-1.70903370403753,-3.20128283307662,17.9590195459262,14.1914405752258,0.0830919040553966,-0.120427076798744,-0.20351898085414,0.844053525695949,0.659663096524922,-0.184390429171027,0.0772545748810961,0.0096612750369318,0.848083203502467,0.665261318804891,-0.182821884697576,0.078670041496754,0.0102881600191969
"crosswalk_sensitivity_common","syntax_common","overview_common","Model4","age",1646,1646,0.345158664460151,0.298041178778551,-0.0471174856816006,17.9590195459262,14.1914405752258,0.0192192376414249,0.0210014746000378,0.00178223695861285,0.0466863822688149,0.0364873583906889,-0.010199023878126,2.27768188021375e-13,6.18253238949526e-16,0.0467776565203611,0.0373470623325719,-0.00943059418778924,2.52968288123002e-13,2.72081680678904e-15
"crosswalk_sensitivity_common","syntax_common","overview_common","Model4","par_edu_yrs",1646,1646,0.333778991661339,0.258753909701199,-0.0750250819601397,17.9590195459262,14.1914405752258,0.0185855909788267,0.0182330967972983,-0.000352494181528402,0.117091586660452,0.0915119672887596,-0.0255796193716922,0.00441863607933913,0.00474776241568361,0.122416326438108,0.0943608536573887,-0.0280554727807191,0.00646754014233417,0.00616985791608454
"crosswalk_sensitivity_common","syntax_common","overview_common","Model4","rural_origin",1646,1646,2.44848603562815,2.26397532811303,-0.184510707515117,17.9590195459262,14.1914405752258,0.136337400233163,0.159531043808567,0.023193643575404,1.31580233754711,1.02835450356703,-0.287447833980082,0.0629471912515108,0.0278360974448338,1.35580815657331,1.01429634293865,-0.341511813634664,0.0711138798462639,0.0257455203530081
"crosswalk_sensitivity_common","syntax_common","overview_common","Model4","bach_x_rural",1646,1646,2.29359073564166,0.758773350998753,-1.53481738464291,17.9590195459262,14.1914405752258,0.127712469479545,0.0534669716563766,-0.0742454978231687,1.7749089203572,1.38716548039668,-0.387743439960514,0.196459852907227,0.584456341590857,1.82082990615627,1.40248549725236,-0.418344408903915,0.207978707887695,0.588567090212464
"crosswalk_sensitivity_common","syntax_common","overview_common","Model4","post_x_rural",1646,1646,3.41584036174403,2.73901101883376,-0.676829342910278,17.9590195459262,14.1914405752258,0.190201940201066,0.193004438437017,0.00280249823595097,3.37227080439344,2.63557053364897,-0.736700270744471,0.311248087874244,0.298842951363957,2.84006532298365,2.55463594882433,-0.285429374159318,0.229253576619875,0.283800487922641
"crosswalk_sensitivity_common","syntax_common","overview_common","Model5","(Intercept)",1646,1646,52.1355095585302,49.9729733059977,-2.16253625253248,17.9590195459262,14.1914405752258,2.90302649458146,3.52134605652622,0.61831956194476,1.69814605121529,1.32713167227675,-0.371014378938536,7.2328292303756e-164,4.91197508930848e-224,1.78220350842245,1.38048537373023,-0.401718134692225,1.10204775245985e-151,2.70674232336839e-211
"crosswalk_sensitivity_common","syntax_common","overview_common","Model5","edu_bachelor",1646,1646,7.65678425722019,6.23328549598697,-1.42349876123322,17.9590195459262,14.1914405752258,0.42634756522424,0.439228523908171,0.012880958683931,0.90444365828291,0.70683898115718,-0.19760467712573,5.57226924336267e-17,2.90527272444422e-18,0.917898937221928,0.709756943068287,-0.20814199415364,1.53530163590835e-16,3.95509932175914e-18
"crosswalk_sensitivity_common","syntax_common","overview_common","Model5","edu_postgrad",1646,1646,17.7128022075442,15.0662234874368,-2.64657872010734,17.9590195459262,14.1914405752258,0.986290045636822,1.06164158653055,0.0753515408937313,1.66178640134822,1.29871595214659,-0.363070449201633,1.07871805486877e-25,5.8469976327371e-30,1.45090208258162,1.26282530669596,-0.188076775885656,7.20281687129268e-33,1.59415259187626e-31
"crosswalk_sensitivity_common","syntax_common","overview_common","Model5","female",1646,1646,1.48943768225881,-1.71127495143732,-3.20071263369613,17.9590195459262,14.1914405752258,0.0829353561562702,-0.120585006318859,-0.203520362475129,0.848165195916685,0.6628563509118,-0.185308845004884,0.0792633971747494,0.00991866073316053,0.850322493974995,0.665388489932558,-0.184934004042437,0.0800272766667531,0.0102033999905558
"crosswalk_sensitivity_common","syntax_common","overview_common","Model5","par_edu_yrs",1646,1646,0.29520832506317,0.228527603415033,-0.0666807216481377,17.9590195459262,14.1914405752258,0.0164378865064566,0.0161031998269419,-0.000334686679514667,0.116427259347705,0.0909899965825318,-0.0254372627651732,0.0113191237950502,0.0121152022268998,0.121733361207456,0.0938808377715309,-0.0278525234359251,0.0154142594577377,0.0150297762483186
"crosswalk_sensitivity_common","syntax_common","overview_common","Model5","rural_origin",1646,1646,3.61722852583607,2.67034604323439,-0.946882482601679,17.9590195459262,14.1914405752258,0.201415701819679,0.188165960254666,-0.0132497415650137,0.909804599086586,0.711028652786818,-0.198775946299768,7.31879378564136e-05,0.000178972371823681,0.911766393928858,0.700591143151367,-0.211175250777492,7.58382115216907e-05,0.000143205893146611
"crosswalk_sensitivity_common","syntax_common","overview_common","Model5","cohort2",1646,1646,-2.62449377899289,-2.45063836064724,0.173855418345648,17.9590195459262,14.1914405752258,-0.146137920963966,-0.172684256235787,-0.0265463352718209,1.62746234649083,1.27189108611719,-0.355571260373645,0.107017778403535,0.0541815357420556,1.60880441641474,1.31397279440056,-0.294831622014184,0.103012680300952,0.0623517670291114
"crosswalk_sensitivity_common","syntax_common","overview_common","Model5","cohort3",1646,1646,-6.61060190177862,-5.56808606184971,1.04251583992891,17.9590195459262,14.1914405752258,-0.368093697146075,-0.392355239225677,-0.0242615420796016,1.56316726047002,1.22164332034409,-0.341523940125931,2.4773511483126e-05,5.55090664004186e-06,1.52422443208867,1.24392682540935,-0.280297606679316,1.53235568264598e-05,8.12251253927027e-06
"crosswalk_sensitivity_common","syntax_common","overview_common","Model5","cohort4",1646,1646,-9.28928692488727,-8.10217525036433,1.18711167452294,17.9590195459262,14.1914405752258,-0.517249112688583,-0.570919858869606,-0.0536707461810224,1.55138086223126,1.21243203819699,-0.33894882403427,2.60957619218768e-09,3.20878857529291e-11,1.51688902935725,1.23887079770608,-0.278018231651168,1.14091731697561e-09,8.20174189184455e-11
"crosswalk_sensitivity_common","syntax_common","overview_common","Model6","(Intercept)",1646,1646,52.1384888192827,49.6830379303475,-2.4554508889352,17.9590195459262,14.1914405752258,2.90319238675307,3.50091575742351,0.597723370670436,1.92240234618371,1.50190912757004,-0.420493218613675,5.12374756763139e-134,4.69519964719089e-184,2.05921954670496,1.57738847227112,-0.481831074433841,1.45419574579696e-119,1.67543568860412e-170
"crosswalk_sensitivity_common","syntax_common","overview_common","Model6","edu_bachelor",1646,1646,7.74673824743409,7.00095091029276,-0.745787337141332,17.9590195459262,14.1914405752258,0.431356412727516,0.493322074893115,0.0619656621655993,2.7528762176621,2.15073079086956,-0.602145426792543,0.00495083937880516,0.00115655393356478,2.63619203432378,2.25013282866828,-0.386059205655493,0.00334321296658458,0.00189462223971179
"crosswalk_sensitivity_common","syntax_common","overview_common","Model6","edu_postgrad",1646,1646,11.9054313851579,16.9877022336133,5.08227084845539,17.9590195459262,14.1914405752258,0.662922124156746,1.19703860531742,0.53411648116067,12.1855996775314,9.52020445508233,-2.66539522244906,0.328709955731177,0.0745470934447393,1.81585027670207,2.41821866563083,0.602368388928756,7.3760300372212e-11,3.1350719692391e-12
"crosswalk_sensitivity_common","syntax_common","overview_common","Model6","female",1646,1646,1.5572463203592,-1.66417188376014,-3.22141820411935,17.9590195459262,14.1914405752258,0.0867110989203442,-0.117265888190752,-0.203976987111097,0.849214359909234,0.66346298470931,-0.185751375199924,0.0668733259513237,0.0122273663389851,0.852774092886171,0.666821958807654,-0.185952134078517,0.0680187254036798,0.0126698537167703
"crosswalk_sensitivity_common","syntax_common","overview_common","Model6","par_edu_yrs",1646,1646,0.295600655395908,0.226842174735016,-0.0687584806608918,17.9590195459262,14.1914405752258,0.0164597323723589,0.0159844360783934,-0.00047529629396546,0.116555846457953,0.0910612130776722,-0.0254946333802812,0.0113011700024367,0.0128337539891954,0.121888949499786,0.0941592619652614,-0.0277296875345251,0.0154094426041319,0.0161006941071529
"crosswalk_sensitivity_common","syntax_common","overview_common","Model6","rural_origin",1646,1646,3.64489688586644,2.65163718746938,-0.993259698397055,17.9590195459262,14.1914405752258,0.202956340492053,0.186847640548795,-0.0161086999432577,0.91425650162299,0.714278250572109,-0.199978251050881,6.99480023600258e-05,0.000212262113639618,0.914182913105095,0.700374368561519,-0.213808544543576,6.98544085481133e-05,0.000158620001553725
"crosswalk_sensitivity_common","syntax_common","overview_common","Model6","cohort2",1646,1646,-1.07267524890147,-1.29943255273901,-0.226757303837535,17.9590195459262,14.1914405752258,-0.0597290540365158,-0.0915645276355835,-0.0318354735990677,2.10424275435198,1.64397500120526,-0.460267753146725,0.610283099198344,0.429396784077714,2.15696530467174,1.69541447591741,-0.46155082875433,0.619039181957061,0.443525775816751
"crosswalk_sensitivity_common","syntax_common","overview_common","Model6","cohort3",1646,1646,-7.91628542814164,-6.17746593150527,1.73881949663637,17.9590195459262,14.1914405752258,-0.440797194295462,-0.435295197746827,0.00550199654863504,2.08180895478963,1.6264482184297,-0.455360736359924,0.000148460584663578,0.00015113701669242,2.15147434494952,1.67170239301395,-0.479771951935566,0.000241313999910459,0.000226868936580965
"crosswalk_sensitivity_common","syntax_common","overview_common","Model6","cohort4",1646,1646,-9.52596963142693,-7.56906915040657,1.95690048102036,17.9590195459262,14.1914405752258,-0.530428156563133,-0.533354532281944,-0.0029263757188106,2.04397580167435,1.59689043199577,-0.447085369678579,3.41076904921111e-06,2.32442259896119e-06,2.09732388792768,1.63149040376395,-0.465833484163728,5.98251612981716e-06,3.77403887957432e-06
"crosswalk_sensitivity_common","syntax_common","overview_common","Model6","bach_x_c2",1646,1646,-3.48112606856163,-2.46336491963336,1.01776114892827,17.9590195459262,14.1914405752258,-0.193837200280306,-0.173581033340173,0.020256166940133,3.36217349671041,2.62675452576714,-0.73541897094327,0.300645123413367,0.348487118143629,3.31568586889681,2.77183387917416,-0.543851989722654,0.293921366864951,0.374288367329316
"crosswalk_sensitivity_common","syntax_common","overview_common","Model6","bach_x_c3",1646,1646,1.71072139154683,0.234169624128963,-1.47655176741787,17.9590195459262,14.1914405752258,0.0952569480294868,0.0165007648721551,-0.0787561831573317,3.1779926724926,2.48286016277636,-0.695132509716249,0.590441678911782,0.924870945655489,3.09147435462963,2.56948407088462,-0.521990283745016,0.580087641641297,0.927396608126539
"crosswalk_sensitivity_common","syntax_common","overview_common","Model6","bach_x_c4",1646,1646,0.363974699828303,-0.827694844225767,-1.19166954405407,17.9590195459262,14.1914405752258,0.0202669582767321,-0.0583235253558883,-0.0785904836326204,3.11312487197561,2.4321811039023,-0.680943768073309,0.906940862628619,0.733667129597182,3.04372315760796,2.51803348989701,-0.525689667710949,0.904828955170202,0.742419478276129
"crosswalk_sensitivity_common","syntax_common","overview_common","Model6","post_x_c2",1646,1646,2.75056343110328,-4.3984239895312,-7.14898742063449,17.9590195459262,14.1914405752258,0.153157772564884,-0.309934989771904,-0.463092762336788,12.7935049217664,9.99514063939713,-2.79836428236931,0.829796642831748,0.659954683344332,3.43643425417145,3.40967142171605,-0.0267628324553999,0.423588663552963,0.197238836232239
"crosswalk_sensitivity_common","syntax_common","overview_common","Model6","post_x_c3",1646,1646,9.17242628577955,2.39169547153927,-6.78073081424028,17.9590195459262,14.1914405752258,0.510742040361563,0.16853084497387,-0.342211195387693,12.5119212892189,9.77514869612,-2.7367725930989,0.463605869639958,0.806741956031202,2.95351063522098,3.35454133248136,0.401030697260373,0.00193161818617659,0.475964811050927
"crosswalk_sensitivity_common","syntax_common","overview_common","Model6","post_x_c4",1646,1646,5.27037744608603,-3.88829904243942,-9.15867648852546,17.9590195459262,14.1914405752258,0.293466880672868,-0.273989030347439,-0.567455911020306,12.4070611154462,9.6932249238044,-2.71383619164185,0.671046858797327,0.688372727537269,2.86412693660009,2.99455608330786,0.130429146707769,0.065930161198171,0.19431427843925
"crosswalk_sensitivity_common","syntax_common","overview_common","Model7","(Intercept)",1646,1646,32.5515019517391,32.9887368915905,0.437234939851372,17.9590195459262,14.1914405752258,1.81254337791079,2.32455167019332,0.512008292282528,2.62127469187952,2.04751110203692,-0.573763589842597,6.62189136033519e-34,2.50679560309941e-54,2.67425210040546,2.10927783501797,-0.564974265387498,1.07522577514992e-32,1.69643758842327e-51
"crosswalk_sensitivity_common","syntax_common","overview_common","Model7","edu_bachelor",1646,1646,7.64324427010394,6.24048142419425,-1.40276284590969,17.9590195459262,14.1914405752258,0.42559362723327,0.439735585060218,0.0141419578269483,0.900276280705618,0.70321728789269,-0.197058992812929,4.56352728516851e-17,1.8034898930937e-18,0.913644050103796,0.707041501095922,-0.206602549007875,1.26193307227558e-16,2.7187947105564e-18
"crosswalk_sensitivity_common","syntax_common","overview_common","Model7","edu_postgrad",1646,1646,17.6009372592883,14.9800919390681,-2.62084532022019,17.9590195459262,14.1914405752258,0.980061145001696,1.05557232612586,0.0755111811241689,1.6554683287812,1.29310743080482,-0.362360897976382,1.41006105912207e-25,6.94960161290974e-30,1.44997201607261,1.26410410194095,-0.185867914131657,1.56389615759932e-32,3.84580295185231e-31
"crosswalk_sensitivity_common","syntax_common","overview_common","Model7","female",1646,1646,1.50892871402326,-1.69558968735446,-3.20451840137771,17.9590195459262,14.1914405752258,0.0840206621616789,-0.119479744030671,-0.203500406192349,0.843910122256562,0.659188962451962,-0.1847211598046,0.073957354452995,0.0101917695551839,0.848346187084435,0.665368176916734,-0.182978010167701,0.0754790388116605,0.0109139806136248
"crosswalk_sensitivity_common","syntax_common","overview_common","Model7","age",1646,1646,0.346023109300856,0.298318350226101,-0.047704759074755,17.9590195459262,14.1914405752258,0.0192673719417688,0.0210210054888211,0.00175363354705235,0.0463921989985618,0.0362375384738302,-0.0101546605247316,1.41014662772341e-13,3.7054805900051e-16,0.0465496718540013,0.0372530336216656,-0.00929663823233575,1.69653651240604e-13,2.19184613823583e-15
"crosswalk_sensitivity_common","syntax_common","overview_common","Model7","par_edu_yrs",1646,1646,0.324464878467452,0.25644095840869,-0.0680239200587625,17.9590195459262,14.1914405752258,0.018066959481708,0.0180701146616758,3.15517996779188e-06,0.116700058185203,0.0911559042181988,-0.0255441539670043,0.0054924245518263,0.00496343551344098,0.121816347542561,0.0936650516192754,-0.0281512959232859,0.00780765293024599,0.00625108780503612
"crosswalk_sensitivity_common","syntax_common","overview_common","Model7","rural_origin_f",1646,1646,3.85650238595024,2.94464804017185,-0.911854345778393,17.9590195459262,14.1914405752258,0.214739027155023,0.207494653172304,-0.00724437398271877,0.907406069655937,0.708786456998157,-0.19861961265778,2.2577761731021e-05,3.4281344613454e-05,0.912617566161974,0.701916234835729,-0.210701331326246,2.51248991795984e-05,2.87280501123042e-05
"coverage_effect_syntax","syntax_common","syntax_full","Model1","(Intercept)",1646,1650,39.1423724580388,39.1751846171571,0.0328121591183361,17.9590195459262,17.942391650557,2.1795383850405,2.18338699656804,0.00384861152754334,1.98105774546273,1.97721012010249,-0.00384762536023442,4.01172682389668e-78,1.59142815494809e-78,2.03932236689591,2.03578916106777,-0.00353320582814742,3.10239223586614e-74,1.37133687664342e-74
"coverage_effect_syntax","syntax_common","syntax_full","Model1","edu_bachelor",1646,1650,7.72222104649725,7.75352814678575,0.0313071002884975,17.9590195459262,17.942391650557,0.429991237926401,0.432134594862946,0.00214335693654499,0.892236137875012,0.890318923113783,-0.0019172147612283,1.15632410098058e-17,7.34059519059991e-18,0.906844922950454,0.905010844498157,-0.00183407845229688,3.691079018927e-17,2.39720746966944e-17
"coverage_effect_syntax","syntax_common","syntax_full","Model1","edu_postgrad",1646,1650,17.9396798567935,17.9361086429395,-0.00357121385396297,17.9590195459262,17.942391650557,0.998923121104507,0.999649823293358,0.000726702188850736,1.63235928358527,1.63069525812242,-0.00166402546284816,3.68008229382691e-27,3.33594329071806e-27,1.41863106890281,1.41855560907607,-7.54598267398432e-05,4.80581182923185e-35,4.86829833312466e-35
"coverage_effect_syntax","syntax_common","syntax_full","Model1","female",1646,1650,1.34892109357546,1.33135889813914,-0.017562195436325,17.9590195459262,17.942391650557,0.0751110655081082,0.0742018636126364,-0.000909201895471806,0.84720301102515,0.845363109658545,-0.0018399013666055,0.11153118538021,0.115472762604452,0.849756364271012,0.847885516250921,-0.00187084802009074,0.11260997607371,0.116558420037846
"coverage_effect_syntax","syntax_common","syntax_full","Model1","age",1646,1650,0.299799552884338,0.29919345123864,-0.000606101645697465,17.9590195459262,17.942391650557,0.0166935367555933,0.0166752268630449,-1.83098925483939e-05,0.0449669795216846,0.0448735124448232,-9.34670768614337e-05,3.55331437211533e-11,3.54175532662789e-11,0.0457072075661599,0.0456153453990892,-9.18621670707581e-05,7.23274146472202e-11,7.23142234983961e-11
"coverage_effect_syntax","syntax_common","syntax_full","Model2","(Intercept)",1646,1650,37.2368490462045,37.2348003849586,-0.00204866124595071,17.9590195459262,17.942391650557,2.07343440720578,2.07524175762837,0.00180735042259794,2.39051848467622,2.3848890971837,-0.00562938749251263,3.98519712011734e-51,2.39757427774704e-51,2.45019060955345,2.44412460827128,-0.00606600128217627,6.68300460544072e-49,4.01017811123648e-49
"coverage_effect_syntax","syntax_common","syntax_full","Model2","edu_bachelor",1646,1650,7.50948386252279,7.5338977970845,0.0244139345617107,17.9590195459262,17.942391650557,0.418145536470905,0.419893732330306,0.0017481958594015,0.904394297706199,0.90274518041241,-0.00164911729378825,2.09098819781435e-16,1.4829120455447e-16,0.915904268346325,0.914551221051714,-0.00135304729461128,4.8360125199628e-16,3.53798976981849e-16
"coverage_effect_syntax","syntax_common","syntax_full","Model2","edu_postgrad",1646,1650,17.4778062958073,17.4654571055013,-0.0123491903060788,17.9590195459262,17.942391650557,0.973204926422164,0.97341856345885,0.000213637036686753,1.6638030389252,1.66197126048413,-0.00183177844106863,5.01697358450418e-25,4.79422216397974e-25,1.45761192893488,1.45741802776563,-0.000193901169246891,8.14643693385691e-32,8.73180335506755e-32
"coverage_effect_syntax","syntax_common","syntax_full","Model2","female",1646,1650,1.32248759813854,1.30761196358638,-0.0148756345521563,17.9590195459262,17.942391650557,0.0736391869698993,0.0728783536249354,-0.000760833344963865,0.847141960663014,0.84523480894868,-0.00190715171433342,0.118689116314016,0.122046094305284,0.849507487591107,0.84757181279264,-0.0019356747984669,0.119718093293479,0.123078014699547
"coverage_effect_syntax","syntax_common","syntax_full","Model2","age",1646,1650,0.313703446479474,0.313300627336407,-0.000402819143067112,17.9590195459262,17.942391650557,0.0174677379061394,0.0174614752279516,-6.2626781877767e-06,0.0460021415588783,0.0458956117037453,-0.000106529855132979,1.28178487655359e-11,1.22103010338107e-11,0.0462484750079606,0.0461349230528404,-0.000113551955120215,1.63802706118414e-11,1.55120399471479e-11
"coverage_effect_syntax","syntax_common","syntax_full","Model2","par_edu_yrs",1646,1650,0.157175505104469,0.160102749988963,0.00292724488449367,17.9590195459262,17.942391650557,0.00875189788075722,0.00892315545815169,0.00017125757739447,0.110431492916761,0.110113561455146,-0.000317931461614518,0.154843708649549,0.146143141770224,0.115612165376918,0.115222872182564,-0.000389293194353157,0.17417299363883,0.164867407144644
"coverage_effect_syntax","syntax_common","syntax_full","Model3","(Intercept)",1646,1650,32.4228784041651,32.4540761872725,0.0311977831074159,17.9590195459262,17.942391650557,1.8053813194674,1.8087932099211,0.00341189045370105,2.64314502882264,2.63746058742286,-0.00568444139978608,3.70164747723025e-33,2.38166624885617e-33,2.6792979011247,2.6733479010904,-0.00595000003429469,2.38138891815493e-32,1.53435198078557e-32
"coverage_effect_syntax","syntax_common","syntax_full","Model3","edu_bachelor",1646,1650,7.67669608274731,7.70413072457963,0.0274346418323201,17.9590195459262,17.942391650557,0.427456302005566,0.429381482392313,0.00192518038674727,0.900783611334258,0.89924786290961,-0.00153574842464821,3.49374858003944e-17,2.40005757303402e-17,0.914102041851376,0.912871324867092,-0.00123071698428423,9.69087520837031e-17,6.89559825218401e-17
"coverage_effect_syntax","syntax_common","syntax_full","Model3","edu_postgrad",1646,1650,17.6515252689826,17.6366367574878,-0.0148885114947745,17.9590195459262,17.942391650557,0.982878003102712,0.982959078197375,8.10750946627081e-05,1.65604545866708,1.65432622587001,-0.0017192327970732,1.07686057250276e-25,1.04990358005359e-25,1.4483231577472,1.44810322678024,-0.000219930966959492,9.04577437928951e-33,9.8722375012379e-33
"coverage_effect_syntax","syntax_common","syntax_full","Model3","female",1646,1650,1.5040870968187,1.48723549045537,-0.0168516063633217,17.9590195459262,17.942391650557,0.0837510696490042,0.0828894786949545,-0.000861590954049668,0.844046701790135,0.84219629250773,-0.00185040928240543,0.0749351182897124,0.0775981097559364,0.847756295577945,0.845866154554698,-0.00189014102324692,0.0762160984723842,0.0788928962986656
"coverage_effect_syntax","syntax_common","syntax_full","Model3","age",1646,1650,0.349757144882145,0.349041430667395,-0.00071571421475003,17.9590195459262,17.942391650557,0.0194752917322529,0.0194534506583775,-2.18410738753727e-05,0.046580001574359,0.0464735321723383,-0.000106469402020734,9.75266079533874e-14,9.61251086329946e-14,0.0466363793634534,0.046520074116155,-0.000116305247298332,1.04283108501214e-13,1.0160794074963e-13
"coverage_effect_syntax","syntax_common","syntax_full","Model3","par_edu_yrs",1646,1650,0.322084538981599,0.324184961828497,0.0021004228468986,17.9590195459262,17.942391650557,0.0179344166399473,0.0180681019644576,0.000133685324510319,0.116759924548118,0.116473727016153,-0.000286197531965043,0.00587090411207467,0.00544198884651465,0.121770888517127,0.121441361072888,-0.000329527444238781,0.00824702560635685,0.00767176915443071
"coverage_effect_syntax","syntax_common","syntax_full","Model3","rural_origin",1646,1650,3.79667863147041,3.77083270696836,-0.0258459245020428,17.9590195459262,17.942391650557,0.21140790129223,0.210163326072046,-0.00124457522018431,0.908992715945505,0.907655624915697,-0.00133709102980784,3.11199849903485e-05,3.42797618614445e-05,0.912989432860763,0.912257144340717,-0.000732288520046365,3.36897972573669e-05,3.75260578088734e-05
"coverage_effect_syntax","syntax_common","syntax_full","Model4","(Intercept)",1646,1650,33.1694952924889,33.1843229479332,0.0148276554442575,17.9590195459262,17.942391650557,1.84695468523018,1.8494927317509,0.00253804652071432,2.69517419411858,2.68931634069052,-0.00585785342805734,2.3566216293851e-33,1.62030904752902e-33,2.72562875382046,2.71928811868651,-0.00634063513395544,1.11250726400445e-32,7.54799038717178e-33
"coverage_effect_syntax","syntax_common","syntax_full","Model4","edu_bachelor",1646,1650,6.60120313482475,6.65624739506495,0.0550442602402033,17.9590195459262,17.942391650557,0.367570351930606,0.370978826273604,0.00340847434299774,1.21403899656428,1.21114251173482,-0.00289648482945548,6.22373725990997e-08,4.50113331886865e-08,1.19670138977787,1.19373094266466,-0.00297044711321148,4.0204717122051e-08,2.87284093690076e-08
"coverage_effect_syntax","syntax_common","syntax_full","Model4","edu_postgrad",1646,1650,16.2139124390758,16.1999064811711,-0.014005957904736,17.9590195459262,17.942391650557,0.902828375324851,0.902884453571059,5.60782462083464e-05,2.09498833274386,2.09290120634583,-0.00208712639802222,1.73631372554181e-14,1.72058451349711e-14,1.90371930560684,1.90351141367783,-0.000207891929007609,3.653000301021e-17,3.84495488871897e-17
"coverage_effect_syntax","syntax_common","syntax_full","Model4","female",1646,1650,1.49224912903909,1.47487367269897,-0.0173754563401247,17.9590195459262,17.942391650557,0.0830919040553966,0.0822005060096425,-0.000891398045754069,0.844053525695949,0.842223468839505,-0.00183005685644444,0.0772545748810961,0.080104028580948,0.848083203502467,0.846208098622862,-0.00187510487960563,0.078670041496754,0.0815347605501861
"coverage_effect_syntax","syntax_common","syntax_full","Model4","age",1646,1650,0.345158664460151,0.344523433025241,-0.000635231434910011,17.9590195459262,17.942391650557,0.0192192376414249,0.0192016448941212,-1.75927473036776e-05,0.0466863822688149,0.0465800266279501,-0.000106355640864794,2.27768188021375e-13,2.2220616288051e-13,0.0467776565203611,0.0466596061199231,-0.000118050400438018,2.52968288123002e-13,2.43574196802746e-13
"coverage_effect_syntax","syntax_common","syntax_full","Model4","par_edu_yrs",1646,1650,0.333778991661339,0.335933338495028,0.00215434683368909,17.9590195459262,17.942391650557,0.0185855909788267,0.0187228851670173,0.000137294188190574,0.117091586660452,0.116810837534625,-0.000280749125826707,0.00441863607933913,0.00408110651310854,0.122416326438108,0.12209480853858,-0.00032151789952814,0.00646754014233417,0.00599911088884234
"coverage_effect_syntax","syntax_common","syntax_full","Model4","rural_origin",1646,1650,2.44848603562815,2.44913447719222,0.000648441564067515,17.9590195459262,17.942391650557,0.136337400233163,0.136499889473552,0.000162489240388891,1.31580233754711,1.31446315803993,-0.00133917950717932,0.0629471912515108,0.0626098003927976,1.35580815657331,1.35562926689732,-0.000178889675988225,0.0711138798462639,0.0710014955242774
"coverage_effect_syntax","syntax_common","syntax_full","Model4","bach_x_rural",1646,1650,2.29359073564166,2.2352983059456,-0.0582924296960599,17.9590195459262,17.942391650557,0.127712469479545,0.124581959277219,-0.00313051020232651,1.7749089203572,1.77194526170879,-0.00296365864840475,0.196459852907227,0.2073102115505,1.82082990615627,1.81876423021992,-0.00206567593635709,0.207978707887695,0.219240370276955
"coverage_effect_syntax","syntax_common","syntax_full","Model4","post_x_rural",1646,1650,3.41584036174403,3.42486659586549,0.00902623412145553,17.9590195459262,17.942391650557,0.190201940201066,0.190881275058956,0.000679334857890401,3.37227080439344,3.36907897832449,-0.00319182606895874,0.311248087874244,0.309513253775549,2.84006532298365,2.83994897692916,-0.000116346054497285,0.229253576619875,0.228006524367982
"coverage_effect_syntax","syntax_common","syntax_full","Model5","(Intercept)",1646,1650,52.1355095585302,52.1199948485398,-0.0155147099903914,17.9590195459262,17.942391650557,2.90302649458146,2.90485214366178,0.00182564908032301,1.69814605121529,1.69606690399128,-0.00207914722401226,7.2328292303756e-164,3.46806659984857e-164,1.78220350842245,1.78131172733319,-0.00089178108926391,1.10204775245985e-151,8.42255426669725e-152
"coverage_effect_syntax","syntax_common","syntax_full","Model5","edu_bachelor",1646,1650,7.65678425722019,7.68368242798819,0.0268981707680016,17.9590195459262,17.942391650557,0.42634756522424,0.428241818461792,0.00189425323755127,0.90444365828291,0.902941674532324,-0.00150198375058586,5.57226924336267e-17,3.8745119796696e-17,0.917898937221928,0.916760905360948,-0.00113803186097983,1.53530163590835e-16,1.10981822360041e-16
"coverage_effect_syntax","syntax_common","syntax_full","Model5","edu_postgrad",1646,1650,17.7128022075442,17.6975558313646,-0.0152463761795367,17.9590195459262,17.942391650557,0.986290045636822,0.986354337595525,6.42919587032775e-05,1.66178640134822,1.66001545311678,-0.00177094823143653,1.07871805486877e-25,1.05054853376924e-25,1.45090208258162,1.45061215114615,-0.000289931435468516,7.20281687129268e-33,7.82954192354941e-33
"coverage_effect_syntax","syntax_common","syntax_full","Model5","female",1646,1650,1.48943768225881,1.47124826043946,-0.0181894218193537,17.9590195459262,17.942391650557,0.0829353561562702,0.0819984475366072,-0.000936908619663016,0.848165195916685,0.846234809514516,-0.00193038640216847,0.0792633971747494,0.0822959379984537,0.850322493974995,0.848312939199705,-0.00200955477529008,0.0800272766667531,0.0830486549868982
"coverage_effect_syntax","syntax_common","syntax_full","Model5","par_edu_yrs",1646,1650,0.29520832506317,0.29776496375625,0.00255663869307909,17.9590195459262,17.942391650557,0.0164378865064566,0.0165956116417181,0.000157725135261553,0.116427259347705,0.116157289788081,-0.000269969559624106,0.0113191237950502,0.0104517855435439,0.121733361207456,0.12143246633302,-0.000300894874435589,0.0154142594577377,0.0143059251280762
"coverage_effect_syntax","syntax_common","syntax_full","Model5","rural_origin",1646,1650,3.61722852583607,3.59265597490668,-0.0245725509293866,17.9590195459262,17.942391650557,0.201415701819679,0.200232836562519,-0.00118286525716033,0.909804599086586,0.908447467168785,-0.00135713191780062,7.31879378564136e-05,7.98847117075952e-05,0.911766393928858,0.911048073836246,-0.000718320092612301,7.58382115216907e-05,8.37044818885253e-05
"coverage_effect_syntax","syntax_common","syntax_full","Model5","cohort2",1646,1650,-2.62449377899289,-2.61281743023535,0.0116763487575371,17.9590195459262,17.942391650557,-0.146137920963966,-0.145622583718054,0.000515337245911851,1.62746234649083,1.62511202055541,-0.00235032593542384,0.107017778403535,0.108076435585529,1.60880441641474,1.60735735163458,-0.00144706478016188,0.103012680300952,0.104240391253639
"coverage_effect_syntax","syntax_common","syntax_full","Model5","cohort3",1646,1650,-6.61060190177862,-6.58374924107346,0.0268526607051589,17.9590195459262,17.942391650557,-0.368093697146075,-0.366938219235064,0.00115547791101156,1.56316726047002,1.56096731278871,-0.00219994768131015,2.4773511483126e-05,2.60237795244336e-05,1.52422443208867,1.52315099155014,-0.00107344053852221,1.53235568264598e-05,1.63572693285219e-05
"coverage_effect_syntax","syntax_common","syntax_full","Model5","cohort4",1646,1650,-9.28928692488727,-9.27665956489453,0.0126273599927362,17.9590195459262,17.942391650557,-0.517249112688583,-0.517024694676451,0.000224418012132355,1.55138086223126,1.54960952896274,-0.0017713332685203,2.60957619218768e-09,2.62883616706844e-09,1.51688902935725,1.51650245128537,-0.00038657807188236,1.14091731697561e-09,1.18864097551769e-09
"coverage_effect_syntax","syntax_common","syntax_full","Model6","(Intercept)",1646,1650,52.1384888192827,52.1318994936453,-0.00658932563739256,17.9590195459262,17.942391650557,2.90319238675307,2.90551563631858,0.002323249565507,1.92240234618371,1.9202896719312,-0.00211267425251038,5.12374756763139e-134,2.76253109253536e-134,2.05921954670496,2.05878340059979,-0.000436146105176505,1.45419574579696e-119,1.26643027645352e-119
"coverage_effect_syntax","syntax_common","syntax_full","Model6","edu_bachelor",1646,1650,7.74673824743409,7.73951078699188,-0.0072274604422029,17.9590195459262,17.942391650557,0.431356412727516,0.431353352313632,-3.06041388398182e-06,2.7528762176621,2.75013448919462,-0.00274172846748266,0.00495083937880516,0.00494797709438201,2.63619203432378,2.63654744455475,0.000355410230976183,0.00334321296658458,0.00337691096029597
"coverage_effect_syntax","syntax_common","syntax_full","Model6","edu_postgrad",1646,1650,11.9054313851579,11.8964723839403,-0.00895900121758686,17.9590195459262,17.942391650557,0.662922124156746,0.663037158904679,0.000115034747933507,12.1855996775314,12.1735376441929,-0.0120620333384771,0.328709955731177,0.328594735373486,1.81585027670207,1.81549524822139,-0.000355028480683028,7.3760300372212e-11,7.54875843807442e-11
"coverage_effect_syntax","syntax_common","syntax_full","Model6","female",1646,1650,1.5572463203592,1.53726579346635,-0.0199805268928588,17.9590195459262,17.942391650557,0.0867110989203442,0.0856778641000529,-0.00103323482029131,0.849214359909234,0.847270338012688,-0.00194402189654586,0.0668733259513237,0.0698032753922298,0.852774092886171,0.850736540641278,-0.00203755224489233,0.0680187254036798,0.0709488150104224
"coverage_effect_syntax","syntax_common","syntax_full","Model6","par_edu_yrs",1646,1650,0.295600655395908,0.298634872506271,0.00303421711036367,17.9590195459262,17.942391650557,0.0164597323723589,0.0166440950750844,0.000184362702725545,0.116555846457953,0.116281199485028,-0.000274646972925424,0.0113011700024367,0.0103105566373108,0.121888949499786,0.121582480936431,-0.000306468563355367,0.0154094426041319,0.0141435645291016
"coverage_effect_syntax","syntax_common","syntax_full","Model6","rural_origin",1646,1650,3.64489688586644,3.62011863870734,-0.0247782471591016,17.9590195459262,17.942391650557,0.202956340492053,0.201763438743962,-0.00119290174809061,0.91425650162299,0.912836606047627,-0.00141989557536226,6.99480023600258e-05,7.63113999120384e-05,0.914182913105095,0.913395071988646,-0.000787841116448695,6.98544085481133e-05,7.70834984137027e-05
"coverage_effect_syntax","syntax_common","syntax_full","Model6","cohort2",1646,1650,-1.07267524890147,-1.07034603126244,0.00232921763903216,17.9590195459262,17.942391650557,-0.0597290540365158,-0.0596545907651733,7.44632713425286e-05,2.10424275435198,2.1021613299931,-0.00208142435888181,0.610283099198344,0.610705594031613,2.15696530467174,2.15704849486882,8.31901970848037e-05,0.619039181957061,0.619813936603151
"coverage_effect_syntax","syntax_common","syntax_full","Model6","cohort3",1646,1650,-7.91628542814164,-7.91495541413237,0.00133001400926958,17.9590195459262,17.942391650557,-0.440797194295462,-0.441131570878772,-0.00033437658331037,2.08180895478963,2.07974685465909,-0.00206210013053809,0.000148460584663578,0.000146598404679862,2.15147434494952,2.15142384697579,-5.04979737305788e-05,0.000241313999910459,0.000241794727774999
"coverage_effect_syntax","syntax_common","syntax_full","Model6","cohort4",1646,1650,-9.52596963142693,-9.52185520266215,0.0041144287647743,17.9590195459262,17.942391650557,-0.530428156563133,-0.530690411184206,-0.000262254621072766,2.04397580167435,2.04194166611136,-0.00203413556298404,3.41076904921111e-06,3.36741479969864e-06,2.09732388792768,2.09721310393352,-0.000110783994158759,5.98251612981716e-06,6.02993208488638e-06
"coverage_effect_syntax","syntax_common","syntax_full","Model6","bach_x_c2",1646,1650,-3.48112606856163,-3.44219182949291,0.0389342390687171,17.9590195459262,17.942391650557,-0.193837200280306,-0.191846878416906,0.00199032186340004,3.36217349671041,3.3565084184299,-0.00566507828051144,0.300645123413367,0.305266035309218,3.31568586889681,3.31126289937139,-0.00442296952541987,0.293921366864951,0.298707141369617
"coverage_effect_syntax","syntax_common","syntax_full","Model6","bach_x_c3",1646,1650,1.71072139154683,1.76459917104093,0.0538777794940968,17.9590195459262,17.942391650557,0.0952569480294868,0.0983480466488507,0.00309109861936396,3.1779926724926,3.17359191948209,-0.00440075301051035,0.590441678911782,0.578269258342337,3.09147435462963,3.0897691424013,-0.00170521222833253,0.580087641641297,0.568003324808547
"coverage_effect_syntax","syntax_common","syntax_full","Model6","bach_x_c4",1646,1650,0.363974699828303,0.389609423464843,0.0256347236365398,17.9590195459262,17.942391650557,0.0202669582767321,0.0217144643285472,0.00144750605181511,3.11312487197561,3.10967010571068,-0.00345476626492713,0.906940862628619,0.900309662696945,3.04372315760796,3.04333169039492,-0.000391467213041619,0.904828955170202,0.898148343186572
"coverage_effect_syntax","syntax_common","syntax_full","Model6","post_x_c2",1646,1650,2.75056343110328,2.75397168645783,0.00340825535454359,17.9590195459262,17.942391650557,0.153157772564884,0.15348966515132,0.00033189258643529,12.7935049217664,12.7808612325521,-0.0126436892142969,0.829796642831748,0.829422924530562,3.43643425417145,3.43776449094304,0.00133023677158306,0.423588663552963,0.423193764854738
"coverage_effect_syntax","syntax_common","syntax_full","Model6","post_x_c3",1646,1650,9.17242628577955,9.16727078828544,-0.00515549749411903,17.9590195459262,17.942391650557,0.510742040361563,0.51092802825987,0.000185987898306816,12.5119212892189,12.4995592170655,-0.0123620721533939,0.463605869639958,0.463415053711641,2.95351063522098,2.95377291129747,0.000262276076487655,0.00193161818617659,0.00194470133791717
"coverage_effect_syntax","syntax_common","syntax_full","Model6","post_x_c4",1646,1650,5.27037744608603,5.26060047856352,-0.00977696752250967,17.9590195459262,17.942391650557,0.293466880672868,0.293193938746745,-0.000272941926122316,12.4070611154462,12.3947984122198,-0.0122627032264049,0.671046858797327,0.671315368044225,2.86412693660009,2.86397108006299,-0.000155856537093602,0.065930161198171,0.0664178422050093
"coverage_effect_syntax","syntax_common","syntax_full","Model7","(Intercept)",1646,1650,32.5515019517391,32.5801743400804,0.0286723883412918,17.9590195459262,17.942391650557,1.81254337791079,1.81582115554082,0.00327777763002834,2.62127469187952,2.61566454138126,-0.00561015049826041,6.62189136033519e-34,4.27320489452879e-34,2.67425210040546,2.66838620380643,-0.00586589659903858,1.07522577514992e-32,6.99851843085287e-33
"coverage_effect_syntax","syntax_common","syntax_full","Model7","edu_bachelor",1646,1650,7.64324427010394,7.67099816191412,0.0277538918101756,17.9590195459262,17.942391650557,0.42559362723327,0.427534874464519,0.00194124723124878,0.900276280705618,0.898731471925361,-0.00154480878025787,4.56352728516851e-17,3.12830702423441e-17,0.913644050103796,0.912399511925046,-0.00124453817875037,1.26193307227558e-16,8.95671655471686e-17
"coverage_effect_syntax","syntax_common","syntax_full","Model7","edu_postgrad",1646,1650,17.6009372592883,17.5864269338175,-0.0145103254707877,17.9590195459262,17.942391650557,0.980061145001696,0.98016068740042,9.95423987248945e-05,1.6554683287812,1.65375227039495,-0.00171605838624656,1.41006105912207e-25,1.37238679966092e-25,1.44997201607261,1.44974937984171,-0.00022263623089569,1.56389615759932e-32,1.70098156082483e-32
"coverage_effect_syntax","syntax_common","syntax_full","Model7","female",1646,1650,1.50892871402326,1.49207919465631,-0.0168495193669491,17.9590195459262,17.942391650557,0.0840206621616789,0.0831594373657532,-0.000861224795925722,0.843910122256562,0.84205987369493,-0.00185024856163141,0.073957354452995,0.0765898978328463,0.848346187084435,0.846455598132431,-0.00189058895200311,0.0754790388116605,0.0781306314283418
"coverage_effect_syntax","syntax_common","syntax_full","Model7","age",1646,1650,0.346023109300856,0.345349944338242,-0.00067316496261427,17.9590195459262,17.942391650557,0.0192673719417688,0.0192477096177711,-1.96623239976691e-05,0.0463921989985618,0.0462866313043698,-0.000105567694191996,1.41014662772341e-13,1.3832546980469e-13,0.0465496718540013,0.0464345449602739,-0.000115126893727412,1.69653651240604e-13,1.64654650561733e-13
"coverage_effect_syntax","syntax_common","syntax_full","Model7","par_edu_yrs",1646,1650,0.324464878467452,0.326604105257012,0.0021392267895598,17.9590195459262,17.942391650557,0.018066959481708,0.018202930334924,0.000135970853216004,0.116700058185203,0.116414662695521,-0.000285395489681761,0.0054924245518263,0.00508268327549897,0.121816347542561,0.121489082834482,-0.000327264708079589,0.00780765293024599,0.00725334016264982
"coverage_effect_syntax","syntax_common","syntax_full","Model7","rural_origin_f",1646,1650,3.85650238595024,3.83123453745016,-0.0252678485000852,17.9590195459262,17.942391650557,0.214739027155023,0.213529757463031,-0.00120926969199145,0.907406069655937,0.906088361132375,-0.00131770852356172,2.2577761731021e-05,2.48402000428543e-05,0.912617566161974,0.911883914757727,-0.000733651404246971,2.51248991795984e-05,2.79455083017536e-05
"coverage_effect_overview","overview_common","overview_full","Model1","(Intercept)",1646,1650,38.1266307237669,38.1555576376875,0.0289269139206283,14.1914405752258,14.1836792051014,2.68659340971522,2.69010297581774,0.00350956610251973,1.54714951805805,1.54459097081604,-0.0025585472420091,2.40129313733129e-114,7.49927008800205e-115,1.60262497554621,1.60001134385557,-0.00261363169064333,1.00174201903671e-107,3.36766182240593e-108
"coverage_effect_overview","overview_common","overview_full","Model1","edu_bachelor",1646,1650,6.31255245430109,6.35147978687333,0.0389273325722383,14.1914405752258,14.1836792051014,0.444814070907008,0.447801990938212,0.00298792003120407,0.696810940452857,0.695514632363365,-0.00129630808949199,3.6346405555291e-19,1.91506432363179e-19,0.701253990400154,0.699919889214738,-0.00133410118541655,5.9907155923619e-19,3.17006500979951e-19
"coverage_effect_overview","overview_common","overview_full","Model1","edu_postgrad",1646,1650,15.26428970348,15.2611372157381,-0.00315248774198018,14.1914405752258,14.1836792051014,1.07559832439612,1.0759646347789,0.000366310382780455,1.27482597853634,1.27389453768214,-0.000931440854202714,9.82959579394818e-32,9.10509588788959e-32,1.248525826438,1.24852814065924,2.31422124552516e-06,5.85484380650533e-33,5.98071660185867e-33
"coverage_effect_overview","overview_common","overview_full","Model1","female",1646,1650,-1.81630193217058,-1.83164960261357,-0.0153476704429971,14.1914405752258,14.1836792051014,-0.127985733551343,-0.129137833430045,-0.00115209987870118,0.661641354577845,0.660395277651053,-0.00124607692679124,0.00611436469226318,0.00560717224889171,0.664887963003178,0.663614276811326,-0.00127368619185153,0.0063675614353888,0.0058422648671129
"coverage_effect_overview","overview_common","overview_full","Model1","age",1646,1650,0.262255043933071,0.261719017284948,-0.000536026648122967,14.1914405752258,14.1836792051014,0.0184798042554533,0.0184521246920768,-2.76795633765113e-05,0.0351179267009456,0.0350550613950338,-6.28653059117287e-05,1.3173605615102e-13,1.33434254222603e-13,0.0362892244362819,0.0362204860840162,-6.87383522656806e-05,7.54466902806084e-13,7.59559414871352e-13
"coverage_effect_overview","overview_common","overview_full","Model2","(Intercept)",1646,1650,36.5662526710454,36.5553662050245,-0.0108864660208638,14.1914405752258,14.1836792051014,2.57664135485156,2.57728376935349,0.000642414501924815,1.86681203217797,1.8629315774366,-0.00388045474136423,6.18774138187221e-77,3.40170301657721e-77,1.94213396059912,1.93714016556277,-0.00499379503634989,9.51456677048584e-72,4.71013177430895e-72
"coverage_effect_overview","overview_common","overview_full","Model2","edu_bachelor",1646,1650,6.13834812240469,6.17035555482033,0.0320074324156323,14.1914405752258,14.1836792051014,0.432538760943021,0.435032086216462,0.00249332527344154,0.70626274911225,0.705170108310257,-0.00109264080199312,8.52116640923328e-18,5.17399151028743e-18,0.70837790105679,0.707415784155379,-0.00096211690141057,1.05979942927782e-17,6.54373405230105e-18
"coverage_effect_overview","overview_common","overview_full","Model2","edu_postgrad",1646,1650,14.8860747924382,14.8730014303194,-0.0130733621187655,14.1914405752258,14.1836792051014,1.04894740696198,1.04859967680107,-0.000347730160910276,1.29930287180378,1.29823174822016,-0.00107112358361938,2.7308583273077e-29,2.7328906219929e-29,1.27385011414177,1.27378117088483,-6.89432569371817e-05,2.31685927668574e-30,2.55622453325246e-30
"coverage_effect_overview","overview_common","overview_full","Model2","female",1646,1650,-1.83794755766136,-1.8512331678646,-0.0132856102032399,14.1914405752258,14.1836792051014,-0.129510992764885,-0.130518544666378,-0.0010075519014931,0.661553054396377,0.660246473430795,-0.00130658096558223,0.00552784544237097,0.00510895239134222,0.665073397370505,0.663692615961444,-0.00138078140906117,0.00578197403130567,0.00534323963607181
"coverage_effect_overview","overview_common","overview_full","Model2","age",1646,1650,0.2736405405785,0.273352889564531,-0.000287651013969326,14.1914405752258,14.1836792051014,0.0192820833887856,0.0192723542045575,-9.72918422813274e-06,0.0359241528223112,0.0358508848103851,-7.32680119261558e-05,4.35538352292325e-14,4.11125015221519e-14,0.0370042152793413,0.0369129353134502,-9.12799658911029e-05,2.24756624730172e-13,2.07980070844471e-13
"coverage_effect_overview","overview_common","overview_full","Model2","par_edu_yrs",1646,1650,0.128706478790701,0.132033153345018,0.00332667455431632,14.1914405752258,14.1836792051014,0.00906930329648041,0.00930880848584968,0.000239505189369275,0.0862385465872303,0.0860140754473821,-0.00022447113984822,0.135774280934149,0.124971825478805,0.0902680431039971,0.0899663439004191,-0.000301699203578018,0.154109021812732,0.14240857623728
"coverage_effect_overview","overview_common","overview_full","Model3","(Intercept)",1646,1650,32.9855060837312,33.0139164450766,0.0284103613454079,14.1914405752258,14.1836792051014,2.32432401128567,2.32759892321891,0.00327491193324159,2.06511274239696,2.06131432908053,-0.0037984133164306,1.73247045004932e-53,9.31527007714595e-54,2.10844989358884,2.10383792848713,-0.00461196510171558,1.59288232698844e-51,8.12792050624368e-52
"coverage_effect_overview","overview_common","overview_full","Model3","edu_bachelor",1646,1650,6.26272457408005,6.29646016476722,0.0337355906871695,14.1914405752258,14.1836792051014,0.441302948836143,0.443922911236076,0.00261996239993334,0.70379025502711,0.702809556301981,-0.000980698725128404,1.46298471198572e-18,8.67142753455432e-19,0.70758562094811,0.706735797170453,-0.000849823777657188,2.20263077259891e-18,1.33201101890075e-18
"coverage_effect_overview","overview_common","overview_full","Model3","edu_postgrad",1646,1650,15.0152911226992,14.9998073518425,-0.0154837708566848,14.1914405752258,14.1836792051014,1.05805263694734,1.05753994678952,-0.000512690157826512,1.29388306028949,1.29294305690143,-0.00094000338806155,5.58450172559633e-30,5.76652051355263e-30,1.26372068661977,1.26368012039412,-4.05662256546258e-05,2.72079460364127e-31,3.08005038864529e-31
"coverage_effect_overview","overview_common","overview_full","Model3","female",1646,1650,-1.70286950390708,-1.71817221939594,-0.0153027154888608,14.1914405752258,14.1836792051014,-0.119992716375799,-0.12113727295651,-0.00114455658071061,0.659461202483223,0.658220749884649,-0.0012404525985743,0.00990295679043989,0.00912776710775526,0.664960130033271,0.663631205487832,-0.00132892454543876,0.0105302315636144,0.00970917276422776
"coverage_effect_overview","overview_common","overview_full","Model3","age",1646,1650,0.300458144405999,0.29982884888428,-0.000629295521718753,14.1914405752258,14.1836792051014,0.0211717861067968,0.021139003819012,-3.2782287784805e-05,0.0363933699222427,0.036321512536205,-7.18573860376825e-05,3.06717670367597e-16,3.08655379980991e-16,0.0372928238878782,0.0372020609371305,-9.07629507477109e-05,1.49432695031527e-15,1.46021275487372e-15
"coverage_effect_overview","overview_common","overview_full","Model3","par_edu_yrs",1646,1650,0.25136976533344,0.253581455590125,0.00221169025668505,14.1914405752258,14.1836792051014,0.0177127729916481,0.0178783975527957,0.000165624561147579,0.0912255685390938,0.0910303507869315,-0.000195217752162302,0.0059255658518145,0.00540289892181945,0.0936682438203899,0.0934198254105956,-0.000248418409794324,0.00735632144845083,0.00670845833075174
"coverage_effect_overview","overview_common","overview_full","Model3","rural_origin",1646,1650,2.82406044067749,2.79334553358265,-0.0307149070948416,14.1914405752258,14.1836792051014,0.198997446785458,0.196940828482498,-0.00205661830296014,0.710204101543851,0.709380665034864,-0.00082343650898764,7.30086833262936e-05,8.56965841591786e-05,0.702375275571021,0.701952183911683,-0.000423091659337516,6.06530799241915e-05,7.20981829808124e-05
"coverage_effect_overview","overview_common","overview_full","Model4","(Intercept)",1646,1650,33.2944526494387,33.304919496214,0.0104668467753868,14.1914405752258,14.1836792051014,2.34609393408314,2.34811567680093,0.00202174271779443,2.10639124230941,2.10243849306503,-0.00395274924437539,1.74360874783077e-52,1.06010293485428e-52,2.13074275238921,2.12573597079521,-0.00500678159399648,2.07528350773013e-51,1.15152164845751e-51
"coverage_effect_overview","overview_common","overview_full","Model4","edu_bachelor",1646,1650,5.88873820808105,5.95298172184479,0.0642435137637429,14.1914405752258,14.1836792051014,0.414949995870122,0.419706455268933,0.00475645939881031,0.948822200719167,0.946840131349124,-0.00198206937004297,6.85605630935611e-10,4.13399064608996e-10,0.93276198240092,0.930701371658447,-0.00206061074247266,3.51116973703892e-10,2.07170979309808e-10
"coverage_effect_overview","overview_common","overview_full","Model4","edu_postgrad",1646,1650,13.9504529645726,13.9373048375513,-0.0131481270212159,14.1914405752258,14.1836792051014,0.983018805640213,0.982629727873324,-0.000389077766888457,1.63732091471557,1.63617644820241,-0.00114446651316458,3.55391797629392e-17,3.60857481007045e-17,1.63624812189208,1.6362131930242,-3.49288678860304e-05,3.39346268374301e-17,3.6142859522232e-17
"coverage_effect_overview","overview_common","overview_full","Model4","female",1646,1650,-1.70903370403753,-1.72415523512433,-0.0151215310868065,14.1914405752258,14.1836792051014,-0.120427076798744,-0.12155909691642,-0.00113202011767637,0.659663096524922,0.658428692028202,-0.00123440449672052,0.0096612750369318,0.00891065696909986,0.665261318804891,0.663911125306665,-0.0013501934982264,0.0102881600191969,0.00948914588022667
"coverage_effect_overview","overview_common","overview_full","Model4","age",1646,1650,0.298041178778551,0.297490955813367,-0.000550222965183977,14.1914405752258,14.1836792051014,0.0210014746000378,0.0209741740144806,-2.73005855571905e-05,0.0364873583906889,0.0364150693277872,-7.22890629017148e-05,6.18253238949526e-16,6.11842582117936e-16,0.0373470623325719,0.0372547484003126,-9.23139322592664e-05,2.72081680678904e-15,2.61275170281224e-15
"coverage_effect_overview","overview_common","overview_full","Model4","par_edu_yrs",1646,1650,0.258753909701199,0.260872442868552,0.00211853316735244,14.1914405752258,14.1836792051014,0.0182330967972983,0.0183924381746257,0.000159341377327378,0.0915119672887596,0.0913197148004176,-0.000192252488341996,0.00474776241568361,0.00433471956453001,0.0943608536573887,0.0941193739414567,-0.000241479715931928,0.00616985791608454,0.00563908146437031
"coverage_effect_overview","overview_common","overview_full","Model4","rural_origin",1646,1650,2.26397532811303,2.26497996580115,0.00100463768811565,14.1914405752258,14.1836792051014,0.159531043808567,0.159689170422474,0.000158126613907128,1.02835450356703,1.02761356087599,-0.000740942691038748,0.0278360974448338,0.0276545496540515,1.01429634293865,1.01417279427713,-0.000123548661516315,0.0257455203530081,0.0256617027113311
"coverage_effect_overview","overview_common","overview_full","Model4","bach_x_rural",1646,1650,0.758773350998753,0.691488773755571,-0.067284577243182,14.1914405752258,14.1836792051014,0.0534669716563766,0.0487524262045397,-0.00471454545183696,1.38716548039668,1.38526132811293,-0.0019041522837544,0.584456341590857,0.617722533116695,1.40248549725236,1.40101477951019,-0.00147071774216978,0.588567090212464,0.621681027607821
"coverage_effect_overview","overview_common","overview_full","Model4","post_x_rural",1646,1650,2.73901101883376,2.74748311083251,0.00847209199875243,14.1914405752258,14.1836792051014,0.193004438437017,0.193707364013445,0.000702925576428065,2.63557053364897,2.63385947686127,-0.00171105678770367,0.298842951363957,0.297037289484426,2.55463594882433,2.55453953112116,-9.64177031703706e-05,0.283800487922641,0.282295749551498
"coverage_effect_overview","overview_common","overview_full","Model5","(Intercept)",1646,1650,49.9729733059977,49.9559168897992,-0.0170564161984856,14.1914405752258,14.1836792051014,3.52134605652622,3.52207041398903,0.00072435746281263,1.32713167227675,1.32589978621444,-0.00123188606231328,4.91197508930848e-224,2.28182223017871e-224,1.38048537373023,1.3799047199493,-0.000580653780930085,2.70674232336839e-211,1.91728400613362e-211
"coverage_effect_overview","overview_common","overview_full","Model5","edu_bachelor",1646,1650,6.23328549598697,6.26599085798463,0.032705361997655,14.1914405752258,14.1836792051014,0.439228523908171,0.441774716374786,0.00254619246661447,0.70683898115718,0.705874379370989,-0.000964601786190955,2.90527272444422e-18,1.75974964949473e-18,0.709756943068287,0.708961427328578,-0.000795515739709263,3.95509932175914e-18,2.44974021374348e-18
"coverage_effect_overview","overview_common","overview_full","Model5","edu_postgrad",1646,1650,15.0662234874368,15.0500505306831,-0.0161729567536941,14.1914405752258,14.1836792051014,1.06164158653055,1.06108227019616,-0.000559316334389992,1.29871595214659,1.29771657546095,-0.00099937668564043,5.8469976327371e-30,6.03680598311421e-30,1.26282530669596,1.26263525543642,-0.000190051259544077,1.59415259187626e-31,1.78817265946799e-31
"coverage_effect_overview","overview_common","overview_full","Model5","female",1646,1650,-1.71127495143732,-1.72826762857828,-0.0169926771409634,14.1914405752258,14.1836792051014,-0.120585006318859,-0.121849035330458,-0.00126402901159879,0.6628563509118,0.661543804894789,-0.00131254601701125,0.00991866073316053,0.00907094249083179,0.665388489932558,0.663920242481022,-0.00146824745153529,0.0102033999905558,0.00932107047702681
"coverage_effect_overview","overview_common","overview_full","Model5","par_edu_yrs",1646,1650,0.228527603415033,0.231177497892531,0.00264989447749828,14.1914405752258,14.1836792051014,0.0161031998269419,0.0162988385840949,0.000195638757152977,0.0909899965825318,0.0908059259542378,-0.000184070628293995,0.0121152022268998,0.0109922272831699,0.0938808377715309,0.0936569023629591,-0.000223935408571865,0.0150297762483186,0.0136752528755386
"coverage_effect_overview","overview_common","overview_full","Model5","rural_origin",1646,1650,2.67034604323439,2.64062718929439,-0.0297188539400053,14.1914405752258,14.1836792051014,0.188165960254666,0.18617364021774,-0.00199232003692595,0.711028652786818,0.710178531089559,-0.00085012169725851,0.000178972371823681,0.000207343282662458,0.700591143151367,0.70017340915768,-0.000417733993686609,0.000143205893146611,0.000168099936275316
"coverage_effect_overview","overview_common","overview_full","Model5","cohort2",1646,1650,-2.45063836064724,-2.4349324022669,0.0157059583803432,14.1914405752258,14.1836792051014,-0.172684256235787,-0.171671423687525,0.00101283254826232,1.27189108611719,1.27043082767448,-0.00146025844270636,0.0541815357420556,0.0554598167021726,1.31397279440056,1.31292124274697,-0.00105155165359339,0.0623517670291114,0.0638338777801087
"coverage_effect_overview","overview_common","overview_full","Model5","cohort3",1646,1650,-5.56808606184971,-5.53488206932318,0.0332039925265297,14.1914405752258,14.1836792051014,-0.392355239225677,-0.390228937730942,0.00212630149473486,1.22164332034409,1.22028572189209,-0.00135759845199779,5.55090664004186e-06,6.15719938296444e-06,1.24392682540935,1.243283543499,-0.000643281910345905,8.12251253927027e-06,9.08845347777924e-06
"coverage_effect_overview","overview_common","overview_full","Model5","cohort4",1646,1650,-8.10217525036433,-8.08979551266924,0.01237973769509,14.1914405752258,14.1836792051014,-0.570919858869606,-0.570359452980267,0.000560405889338367,1.21243203819699,1.21140677784143,-0.00102526035556472,3.20878857529291e-11,3.30508311186498e-11,1.23887079770608,1.2385905672481,-0.000280230457978092,8.20174189184455e-11,8.66346574594492e-11
"coverage_effect_overview","overview_common","overview_full","Model6","(Intercept)",1646,1650,49.6830379303475,49.6785937817394,-0.0044441486080089,14.1914405752258,14.1836792051014,3.50091575742351,3.5025181452124,0.00160238778888733,1.50190912757004,1.50071644764081,-0.00119267992922967,4.69519964719089e-184,2.36314933062566e-184,1.57738847227112,1.57707259999767,-0.000315872273449536,1.67543568860412e-170,1.28863502071516e-170
"coverage_effect_overview","overview_common","overview_full","Model6","edu_bachelor",1646,1650,7.00095091029276,6.99325688870609,-0.00769402158666299,14.1914405752258,14.1836792051014,0.493322074893115,0.493049566870551,-0.000272508022564677,2.15073079086956,2.14924452361815,-0.00148626725141643,0.00115655393356478,0.00116188453186768,2.25013282866828,2.25036614977573,0.000233321107442563,0.00189462223971179,0.00191854611796973
"coverage_effect_overview","overview_common","overview_full","Model6","edu_postgrad",1646,1650,16.9877022336133,16.9798510103014,-0.00785122331194543,14.1914405752258,14.1836792051014,1.19703860531742,1.19714009071738,0.000101485399967238,9.52020445508233,9.51368350080329,-0.00652095427903987,0.0745470934447393,0.0744820368383189,2.41821866563083,2.39888526633114,-0.0193333992996889,3.1350719692391e-12,2.15895879885214e-12
"coverage_effect_overview","overview_common","overview_full","Model6","female",1646,1650,-1.66417188376014,-1.6818386987136,-0.0176668149534578,14.1914405752258,14.1836792051014,-0.117265888190752,-0.118575630088186,-0.00130974189743326,0.66346298470931,0.662146211813497,-0.00131677289581311,0.0122273663389851,0.0111777337284295,0.666821958807654,0.66532203452084,-0.00149992428681422,0.0126698537167703,0.0115696337849227
"coverage_effect_overview","overview_common","overview_full","Model6","par_edu_yrs",1646,1650,0.226842174735016,0.229769407086384,0.0029272323513686,14.1914405752258,14.1836792051014,0.0159844360783934,0.0161995631573325,0.000215127078939122,0.0910612130776722,0.0908743671172728,-0.000186845960399459,0.0128337539891954,0.0115508530019888,0.0941592619652614,0.093919445833139,-0.000239816132122386,0.0161006941071529,0.0145317144231889
"coverage_effect_overview","overview_common","overview_full","Model6","rural_origin",1646,1650,2.65163718746938,2.62071393747446,-0.0309232499949261,14.1914405752258,14.1836792051014,0.186847640548795,0.184769684901776,-0.00207795564701951,0.714278250572109,0.713386594079108,-0.000891656493000936,0.000212262113639618,0.000246839724292009,0.700374368561519,0.699932038426568,-0.000442330134951208,0.000158620001553725,0.000187208215465912
"coverage_effect_overview","overview_common","overview_full","Model6","cohort2",1646,1650,-1.29943255273901,-1.29673811130174,0.00269444143726716,14.1914405752258,14.1836792051014,-0.0915645276355835,-0.091424664401275,0.000139863234308549,1.64397500120526,1.64285010205905,-0.00112489914620362,0.429396784077714,0.430038140719616,1.69541447591741,1.69543951414496,2.50382275528427e-05,0.443525775816751,0.444477850528107
"coverage_effect_overview","overview_common","overview_full","Model6","cohort3",1646,1650,-6.17746593150527,-6.1756909456051,0.00177498590017144,14.1914405752258,14.1836792051014,-0.435295197746827,-0.435408250306725,-0.000113052559898907,1.6264482184297,1.62533307205537,-0.00111514637433752,0.00015113701669242,0.000150211721329597,1.67170239301395,1.67161831239898,-8.40806149704498e-05,0.000226868936580965,0.000227627862215424
"coverage_effect_overview","overview_common","overview_full","Model6","cohort4",1646,1650,-7.56906915040657,-7.56364361322465,0.00542553718191652,14.1914405752258,14.1836792051014,-0.533354532281944,-0.533263866437719,9.06658442246799e-05,1.59689043199577,1.59578811897406,-0.00110231302171337,2.32442259896119e-06,2.32537597008071e-06,1.63149040376395,1.63132117020228,-0.000169233561666982,3.77403887957432e-06,3.82492702318653e-06
"coverage_effect_overview","overview_common","overview_full","Model6","bach_x_c2",1646,1650,-2.46336491963336,-2.42135394943572,0.0420109701976368,14.1914405752258,14.1836792051014,-0.173581033340173,-0.170714094306704,0.00286693903346885,2.62675452576714,2.62312892883332,-0.00362559693381881,0.348487118143629,0.356102489667249,2.77183387917416,2.76823821263797,-0.00359566653618693,0.374288367329316,0.381870347194334
"coverage_effect_overview","overview_common","overview_full","Model6","bach_x_c3",1646,1650,0.234169624128963,0.304855781487409,0.0706861573584466,14.1914405752258,14.1836792051014,0.0165007648721551,0.021493420506702,0.0049926556345469,2.48286016277636,2.48017872578412,-0.00268143699223167,0.924870945655489,0.902188041211641,2.56948407088462,2.5685382152806,-0.00094585560401983,0.927396608126539,0.905536779026389
"coverage_effect_overview","overview_common","overview_full","Model6","bach_x_c4",1646,1650,-0.827694844225767,-0.801634357256376,0.0260604869693908,14.1914405752258,14.1836792051014,-0.0583235253558883,-0.0565180829081395,0.00180544244774887,2.4321811039023,2.43022349314814,-0.00195761075415524,0.733667129597182,0.741547744561881,2.51803348989701,2.51784859730188,-0.000184892595131547,0.742419478276129,0.750236851356338
"coverage_effect_overview","overview_common","overview_full","Model6","post_x_c2",1646,1650,-4.3984239895312,-4.39578868369482,0.00263530583638616,14.1914405752258,14.1836792051014,-0.309934989771904,-0.309918789062417,1.6200709487102e-05,9.99514063939713,9.98831006960336,-0.00683056979376495,0.659954683344332,0.659927679434344,3.40967142171605,3.39673264598715,-0.0129387757289061,0.197238836232239,0.195805816897459
"coverage_effect_overview","overview_common","overview_full","Model6","post_x_c3",1646,1650,2.39169547153927,2.38533733051888,-0.00635814102039234,14.1914405752258,14.1836792051014,0.16853084497387,0.168174794143747,-0.000356050830122662,9.77514869612,9.76847106949525,-0.00667762662475013,0.806741956031202,0.807116340378616,3.35454133248136,3.34113717283792,-0.0134041596434389,0.475964811050927,0.47537250155823
"coverage_effect_overview","overview_common","overview_full","Model6","post_x_c4",1646,1650,-3.88829904243942,-3.90058966102927,-0.012290618589847,14.1914405752258,14.1836792051014,-0.273989030347439,-0.275005490791582,-0.00101646044414327,9.6932249238044,9.68659995119575,-0.0066249726086447,0.688372727537269,0.68723708165386,2.99455608330786,2.97908407085237,-0.0154720124554895,0.19431427843925,0.190608205486857
"coverage_effect_overview","overview_common","overview_full","Model7","(Intercept)",1646,1650,32.9887368915905,33.0145638878423,0.0258269962518369,14.1914405752258,14.1836792051014,2.32455167019332,2.32764457024437,0.00309290005104934,2.04751110203692,2.04377335610493,-0.00373774593199094,2.50679560309941e-54,1.3630316495727e-54,2.10927783501797,2.10469963907328,-0.00457819594468756,1.69643758842327e-51,8.83842670126836e-52
"coverage_effect_overview","overview_common","overview_full","Model7","edu_bachelor",1646,1650,6.24048142419425,6.27464863546628,0.034167211272023,14.1914405752258,14.1836792051014,0.439735585060218,0.442385120583486,0.0026495355232678,0.70321728789269,0.702232036086728,-0.000985251805962095,1.8034898930937e-18,1.06400653815546e-18,0.707041501095922,0.706188391399399,-0.000853109696522303,2.7187947105564e-18,1.63680731351481e-18
"coverage_effect_overview","overview_common","overview_full","Model7","edu_postgrad",1646,1650,14.9800919390681,14.9650239138189,-0.0150680252491942,14.1914405752258,14.1836792051014,1.05557232612586,1.05508759028028,-0.000484735845588613,1.29310743080482,1.29217442617715,-0.00093300462766921,6.94960161290974e-30,7.15728611747096e-30,1.26410410194095,1.26405618632456,-4.79156163881722e-05,3.84580295185231e-31,4.33354829693431e-31
"coverage_effect_overview","overview_common","overview_full","Model7","female",1646,1650,-1.69558968735446,-1.71090782423463,-0.01531813688017,14.1914405752258,14.1836792051014,-0.119479744030671,-0.120625107173833,-0.00114536314316241,0.659188962451962,0.657951165707962,-0.00123779674399938,0.0101917695551839,0.00939619474440617,0.665368176916734,0.664038786736451,-0.00132939018028222,0.0109139806136248,0.010066705559557
"coverage_effect_overview","overview_common","overview_full","Model7","age",1646,1650,0.298318350226101,0.297732999762444,-0.000585350463657264,14.1914405752258,14.1836792051014,0.0210210054888211,0.0209912389766513,-2.97665121698001e-05,0.0362375384738302,0.0361664817131971,-7.10567606330773e-05,3.7054805900051e-16,3.69964014772886e-16,0.0372530336216656,0.0371627467551289,-9.02868665366777e-05,2.19184613823583e-15,2.1260411770959e-15
"coverage_effect_overview","overview_common","overview_full","Model7","par_edu_yrs",1646,1650,0.25644095840869,0.258691746078973,0.00225078767028297,14.1914405752258,14.1836792051014,0.0180701146616758,0.0182386912689008,0.000168576607224934,0.0911559042181988,0.0909616589256539,-0.000194245292544873,0.00496343551344098,0.00451076034345189,0.0936650516192754,0.0934183568796041,-0.000246694739671344,0.00625108780503612,0.0056830203165015
"coverage_effect_overview","overview_common","overview_full","Model7","rural_origin_f",1646,1650,2.94464804017185,2.91444339396486,-0.0302046462069887,14.1914405752258,14.1836792051014,0.207494653172304,0.205478659790658,-0.00201599338164651,0.708786456998157,0.707980408596749,-0.000806048401407966,3.4281344613454e-05,4.03651765146072e-05,0.701916234835729,0.70148052932182,-0.000435705513909146,2.87280501123042e-05,3.42459443472214e-05
"crosswalk_sensitivity_full","syntax_full","overview_full","Model1","(Intercept)",1650,1650,39.1751846171571,38.1555576376875,-1.01962697946961,17.942391650557,14.1836792051014,2.18338699656804,2.69010297581774,0.506715979249698,1.97721012010249,1.54459097081604,-0.432619149286453,1.59142815494809e-78,7.49927008800205e-115,2.03578916106777,1.60001134385557,-0.435777817212199,1.37133687664342e-74,3.36766182240593e-108
"crosswalk_sensitivity_full","syntax_full","overview_full","Model1","edu_bachelor",1650,1650,7.75352814678575,6.35147978687333,-1.40204835991242,17.942391650557,14.1836792051014,0.432134594862946,0.447801990938212,0.0156673960752658,0.890318923113783,0.695514632363365,-0.194804290750418,7.34059519059991e-18,1.91506432363179e-19,0.905010844498157,0.699919889214738,-0.20509095528342,2.39720746966944e-17,3.17006500979951e-19
"crosswalk_sensitivity_full","syntax_full","overview_full","Model1","edu_postgrad",1650,1650,17.9361086429395,15.2611372157381,-2.67497142720148,17.942391650557,14.1836792051014,0.999649823293358,1.0759646347789,0.0763148114855434,1.63069525812242,1.27389453768214,-0.356800720440275,3.33594329071806e-27,9.10509588788959e-32,1.41855560907607,1.24852814065924,-0.170027468416826,4.86829833312466e-35,5.98071660185867e-33
"crosswalk_sensitivity_full","syntax_full","overview_full","Model1","female",1650,1650,1.33135889813914,-1.83164960261357,-3.16300850075271,17.942391650557,14.1836792051014,0.0742018636126364,-0.129137833430045,-0.203339697042681,0.845363109658545,0.660395277651053,-0.184967832007492,0.115472762604452,0.00560717224889171,0.847885516250921,0.663614276811326,-0.184271239439595,0.116558420037846,0.0058422648671129
"crosswalk_sensitivity_full","syntax_full","overview_full","Model1","age",1650,1650,0.29919345123864,0.261719017284948,-0.0374744339536919,17.942391650557,14.1836792051014,0.0166752268630449,0.0184521246920768,0.00177689782903193,0.0448735124448232,0.0350550613950338,-0.00981845104978936,3.54175532662789e-11,1.33434254222603e-13,0.0456153453990892,0.0362204860840162,-0.00939485931507294,7.23142234983961e-11,7.59559414871352e-13
"crosswalk_sensitivity_full","syntax_full","overview_full","Model2","(Intercept)",1650,1650,37.2348003849586,36.5553662050245,-0.679434179934063,17.942391650557,14.1836792051014,2.07524175762837,2.57728376935349,0.502042011725116,2.3848890971837,1.8629315774366,-0.521957519747098,2.39757427774704e-51,3.40170301657721e-77,2.44412460827128,1.93714016556277,-0.506984442708511,4.01017811123648e-49,4.71013177430895e-72
"crosswalk_sensitivity_full","syntax_full","overview_full","Model2","edu_bachelor",1650,1650,7.5338977970845,6.17035555482033,-1.36354224226418,17.942391650557,14.1836792051014,0.419893732330306,0.435032086216462,0.015138353886156,0.90274518041241,0.705170108310257,-0.197575072102153,1.4829120455447e-16,5.17399151028743e-18,0.914551221051714,0.707415784155379,-0.207135436896335,3.53798976981849e-16,6.54373405230105e-18
"crosswalk_sensitivity_full","syntax_full","overview_full","Model2","edu_postgrad",1650,1650,17.4654571055013,14.8730014303194,-2.59245567518188,17.942391650557,14.1836792051014,0.97341856345885,1.04859967680107,0.075181113342218,1.66197126048413,1.29823174822016,-0.363739512263968,4.79422216397974e-25,2.7328906219929e-29,1.45741802776563,1.27378117088483,-0.183636856880798,8.73180335506755e-32,2.55622453325246e-30
"crosswalk_sensitivity_full","syntax_full","overview_full","Model2","female",1650,1650,1.30761196358638,-1.8512331678646,-3.15884513145098,17.942391650557,14.1836792051014,0.0728783536249354,-0.130518544666378,-0.203396898291313,0.84523480894868,0.660246473430795,-0.184988335517885,0.122046094305284,0.00510895239134222,0.84757181279264,0.663692615961444,-0.183879196831196,0.123078014699547,0.00534323963607181
"crosswalk_sensitivity_full","syntax_full","overview_full","Model2","age",1650,1650,0.313300627336407,0.273352889564531,-0.0399477377718757,17.942391650557,14.1836792051014,0.0174614752279516,0.0192723542045575,0.00181087897660588,0.0458956117037453,0.0358508848103851,-0.0100447268933603,1.22103010338107e-11,4.11125015221519e-14,0.0461349230528404,0.0369129353134502,-0.00922198773939022,1.55120399471479e-11,2.07980070844471e-13
"crosswalk_sensitivity_full","syntax_full","overview_full","Model2","par_edu_yrs",1650,1650,0.160102749988963,0.132033153345018,-0.0280695966439452,17.942391650557,14.1836792051014,0.00892315545815169,0.00930880848584968,0.000385653027697991,0.110113561455146,0.0860140754473821,-0.0240994860077641,0.146143141770224,0.124971825478805,0.115222872182564,0.0899663439004191,-0.0252565282821454,0.164867407144644,0.14240857623728
"crosswalk_sensitivity_full","syntax_full","overview_full","Model3","(Intercept)",1650,1650,32.4540761872725,33.0139164450766,0.559840257804083,17.942391650557,14.1836792051014,1.8087932099211,2.32759892321891,0.518805713297817,2.63746058742286,2.06131432908053,-0.576146258342329,2.38166624885617e-33,9.31527007714595e-54,2.6733479010904,2.10383792848713,-0.569509972603278,1.53435198078557e-32,8.12792050624368e-52
"crosswalk_sensitivity_full","syntax_full","overview_full","Model3","edu_bachelor",1650,1650,7.70413072457963,6.29646016476722,-1.40767055981242,17.942391650557,14.1836792051014,0.429381482392313,0.443922911236076,0.0145414288437626,0.89924786290961,0.702809556301981,-0.196438306607628,2.40005757303402e-17,8.67142753455432e-19,0.912871324867092,0.706735797170453,-0.206135527696639,6.89559825218401e-17,1.33201101890075e-18
"crosswalk_sensitivity_full","syntax_full","overview_full","Model3","edu_postgrad",1650,1650,17.6366367574878,14.9998073518425,-2.63682940564524,17.942391650557,14.1836792051014,0.982959078197375,1.05753994678952,0.0745808685921425,1.65432622587001,1.29294305690143,-0.361383168968575,1.04990358005359e-25,5.76652051355263e-30,1.44810322678024,1.26368012039412,-0.184423106386126,9.8722375012379e-33,3.08005038864529e-31
"crosswalk_sensitivity_full","syntax_full","overview_full","Model3","female",1650,1650,1.48723549045537,-1.71817221939594,-3.20540770985132,17.942391650557,14.1836792051014,0.0828894786949545,-0.12113727295651,-0.204026751651464,0.84219629250773,0.658220749884649,-0.183975542623081,0.0775981097559364,0.00912776710775526,0.845866154554698,0.663631205487832,-0.182234949066866,0.0788928962986656,0.00970917276422776
"crosswalk_sensitivity_full","syntax_full","overview_full","Model3","age",1650,1650,0.349041430667395,0.29982884888428,-0.0492125817831154,17.942391650557,14.1836792051014,0.0194534506583775,0.021139003819012,0.00168555316063447,0.0464735321723383,0.036321512536205,-0.0101520196361333,9.61251086329946e-14,3.08655379980991e-16,0.046520074116155,0.0372020609371305,-0.00931801317902458,1.0160794074963e-13,1.46021275487372e-15
"crosswalk_sensitivity_full","syntax_full","overview_full","Model3","par_edu_yrs",1650,1650,0.324184961828497,0.253581455590125,-0.0706035062383727,17.942391650557,14.1836792051014,0.0180681019644576,0.0178783975527957,-0.000189704411661933,0.116473727016153,0.0910303507869315,-0.0254433762292211,0.00544198884651465,0.00540289892181945,0.121441361072888,0.0934198254105956,-0.0280215356622927,0.00767176915443071,0.00670845833075174
"crosswalk_sensitivity_full","syntax_full","overview_full","Model3","rural_origin",1650,1650,3.77083270696836,2.79334553358265,-0.977487173385715,17.942391650557,14.1836792051014,0.210163326072046,0.196940828482498,-0.0132224975895481,0.907655624915697,0.709380665034864,-0.198274959880834,3.42797618614445e-05,8.56965841591786e-05,0.912257144340717,0.701952183911683,-0.210304960429033,3.75260578088734e-05,7.20981829808124e-05
"crosswalk_sensitivity_full","syntax_full","overview_full","Model4","(Intercept)",1650,1650,33.1843229479332,33.304919496214,0.120596548280858,17.942391650557,14.1836792051014,1.8494927317509,2.34811567680093,0.498622945050034,2.68931634069052,2.10243849306503,-0.586877847625492,1.62030904752902e-33,1.06010293485428e-52,2.71928811868651,2.12573597079521,-0.593552147891293,7.54799038717178e-33,1.15152164845751e-51
"crosswalk_sensitivity_full","syntax_full","overview_full","Model4","edu_bachelor",1650,1650,6.65624739506495,5.95298172184479,-0.70326567322016,17.942391650557,14.1836792051014,0.370978826273604,0.419706455268933,0.0487276289953286,1.21114251173482,0.946840131349124,-0.2643023803857,4.50113331886865e-08,4.13399064608996e-10,1.19373094266466,0.930701371658447,-0.263029571006208,2.87284093690076e-08,2.07170979309808e-10
"crosswalk_sensitivity_full","syntax_full","overview_full","Model4","edu_postgrad",1650,1650,16.1999064811711,13.9373048375513,-2.26260164361975,17.942391650557,14.1836792051014,0.902884453571059,0.982629727873324,0.0797452743022651,2.09290120634583,1.63617644820241,-0.456724758143425,1.72058451349711e-14,3.60857481007045e-17,1.90351141367783,1.6362131930242,-0.26729822065363,3.84495488871897e-17,3.6142859522232e-17
"crosswalk_sensitivity_full","syntax_full","overview_full","Model4","female",1650,1650,1.47487367269897,-1.72415523512433,-3.1990289078233,17.942391650557,14.1836792051014,0.0822005060096425,-0.12155909691642,-0.203759602926062,0.842223468839505,0.658428692028202,-0.183794776811303,0.080104028580948,0.00891065696909986,0.846208098622862,0.663911125306665,-0.182296973316197,0.0815347605501861,0.00948914588022667
"crosswalk_sensitivity_full","syntax_full","overview_full","Model4","age",1650,1650,0.344523433025241,0.297490955813367,-0.0470324772118745,17.942391650557,14.1836792051014,0.0192016448941212,0.0209741740144806,0.00177252912035934,0.0465800266279501,0.0364150693277872,-0.0101649573001629,2.2220616288051e-13,6.11842582117936e-16,0.0466596061199231,0.0372547484003126,-0.00940485771961049,2.43574196802746e-13,2.61275170281224e-15
"crosswalk_sensitivity_full","syntax_full","overview_full","Model4","par_edu_yrs",1650,1650,0.335933338495028,0.260872442868552,-0.0750608956264764,17.942391650557,14.1836792051014,0.0187228851670173,0.0183924381746257,-0.000330446992391598,0.116810837534625,0.0913197148004176,-0.0254911227342074,0.00408110651310854,0.00433471956453001,0.12209480853858,0.0941193739414567,-0.0279754345971229,0.00599911088884234,0.00563908146437031
"crosswalk_sensitivity_full","syntax_full","overview_full","Model4","rural_origin",1650,1650,2.44913447719222,2.26497996580115,-0.184154511391069,17.942391650557,14.1836792051014,0.136499889473552,0.159689170422474,0.0231892809489222,1.31446315803993,1.02761356087599,-0.286849597163941,0.0626098003927976,0.0276545496540515,1.35562926689732,1.01417279427713,-0.341456472620192,0.0710014955242774,0.0256617027113311
"crosswalk_sensitivity_full","syntax_full","overview_full","Model4","bach_x_rural",1650,1650,2.2352983059456,0.691488773755571,-1.54380953219003,17.942391650557,14.1836792051014,0.124581959277219,0.0487524262045397,-0.0758295330726792,1.77194526170879,1.38526132811293,-0.386683933595864,0.2073102115505,0.617722533116695,1.81876423021992,1.40101477951019,-0.417749450709728,0.219240370276955,0.621681027607821
"crosswalk_sensitivity_full","syntax_full","overview_full","Model4","post_x_rural",1650,1650,3.42486659586549,2.74748311083251,-0.677383485032981,17.942391650557,14.1836792051014,0.190881275058956,0.193707364013445,0.00282608895448863,3.36907897832449,2.63385947686127,-0.735219501463216,0.309513253775549,0.297037289484426,2.83994897692916,2.55453953112116,-0.285409445807991,0.228006524367982,0.282295749551498
"crosswalk_sensitivity_full","syntax_full","overview_full","Model5","(Intercept)",1650,1650,52.1199948485398,49.9559168897992,-2.16407795874058,17.942391650557,14.1836792051014,2.90485214366178,3.52207041398903,0.61721827032725,1.69606690399128,1.32589978621444,-0.370167117776837,3.46806659984857e-164,2.28182223017871e-224,1.78131172733319,1.3799047199493,-0.401407007383891,8.42255426669725e-152,1.91728400613362e-211
"crosswalk_sensitivity_full","syntax_full","overview_full","Model5","edu_bachelor",1650,1650,7.68368242798819,6.26599085798463,-1.41769157000357,17.942391650557,14.1836792051014,0.428241818461792,0.441774716374786,0.0135328979129942,0.902941674532324,0.705874379370989,-0.197067295161335,3.8745119796696e-17,1.75974964949473e-18,0.916760905360948,0.708961427328578,-0.20779947803237,1.10981822360041e-16,2.44974021374348e-18
"crosswalk_sensitivity_full","syntax_full","overview_full","Model5","edu_postgrad",1650,1650,17.6975558313646,15.0500505306831,-2.6475053006815,17.942391650557,14.1836792051014,0.986354337595525,1.06108227019616,0.074727932600638,1.66001545311678,1.29771657546095,-0.362298877655837,1.05054853376924e-25,6.03680598311421e-30,1.45061215114615,1.26263525543642,-0.187976895709731,7.82954192354941e-33,1.78817265946799e-31
"crosswalk_sensitivity_full","syntax_full","overview_full","Model5","female",1650,1650,1.47124826043946,-1.72826762857828,-3.19951588901774,17.942391650557,14.1836792051014,0.0819984475366072,-0.121849035330458,-0.203847482867065,0.846234809514516,0.661543804894789,-0.184691004619727,0.0822959379984537,0.00907094249083179,0.848312939199705,0.663920242481022,-0.184392696718682,0.0830486549868982,0.00932107047702681
"crosswalk_sensitivity_full","syntax_full","overview_full","Model5","par_edu_yrs",1650,1650,0.29776496375625,0.231177497892531,-0.0665874658637185,17.942391650557,14.1836792051014,0.0165956116417181,0.0162988385840949,-0.000296773057623243,0.116157289788081,0.0908059259542378,-0.0253513638338431,0.0104517855435439,0.0109922272831699,0.12143246633302,0.0936569023629591,-0.0277755639700614,0.0143059251280762,0.0136752528755386
"crosswalk_sensitivity_full","syntax_full","overview_full","Model5","rural_origin",1650,1650,3.59265597490668,2.64062718929439,-0.952028785612297,17.942391650557,14.1836792051014,0.200232836562519,0.18617364021774,-0.0140591963447793,0.908447467168785,0.710178531089559,-0.198268936079226,7.98847117075952e-05,0.000207343282662458,0.911048073836246,0.70017340915768,-0.210874664678566,8.37044818885253e-05,0.000168099936275316
"crosswalk_sensitivity_full","syntax_full","overview_full","Model5","cohort2",1650,1650,-2.61281743023535,-2.4349324022669,0.177885027968455,17.942391650557,14.1836792051014,-0.145622583718054,-0.171671423687525,-0.0260488399694704,1.62511202055541,1.27043082767448,-0.354681192880928,0.108076435585529,0.0554598167021726,1.60735735163458,1.31292124274697,-0.294436108887615,0.104240391253639,0.0638338777801087
"crosswalk_sensitivity_full","syntax_full","overview_full","Model5","cohort3",1650,1650,-6.58374924107346,-5.53488206932318,1.04886717175028,17.942391650557,14.1836792051014,-0.366938219235064,-0.390228937730942,-0.0232907184958783,1.56096731278871,1.22028572189209,-0.340681590896619,2.60237795244336e-05,6.15719938296444e-06,1.52315099155014,1.243283543499,-0.27986744805114,1.63572693285219e-05,9.08845347777924e-06
"crosswalk_sensitivity_full","syntax_full","overview_full","Model5","cohort4",1650,1650,-9.27665956489453,-8.08979551266924,1.18686405222529,17.942391650557,14.1836792051014,-0.517024694676451,-0.570359452980267,-0.0533347583038164,1.54960952896274,1.21140677784143,-0.338202751121315,2.62883616706844e-09,3.30508311186498e-11,1.51650245128537,1.2385905672481,-0.277911884037264,1.18864097551769e-09,8.66346574594492e-11
"crosswalk_sensitivity_full","syntax_full","overview_full","Model6","(Intercept)",1650,1650,52.1318994936453,49.6785937817394,-2.45330571190582,17.942391650557,14.1836792051014,2.90551563631858,3.5025181452124,0.597002508893817,1.9202896719312,1.50071644764081,-0.419573224290394,2.76253109253536e-134,2.36314933062566e-184,2.05878340059979,1.57707259999767,-0.481710800602114,1.26643027645352e-119,1.28863502071516e-170
"crosswalk_sensitivity_full","syntax_full","overview_full","Model6","edu_bachelor",1650,1650,7.73951078699188,6.99325688870609,-0.746253898285792,17.942391650557,14.1836792051014,0.431353352313632,0.493049566870551,0.0616962145569186,2.75013448919462,2.14924452361815,-0.600889965576477,0.00494797709438201,0.00116188453186768,2.63654744455475,2.25036614977573,-0.386181294779027,0.00337691096029597,0.00191854611796973
"crosswalk_sensitivity_full","syntax_full","overview_full","Model6","edu_postgrad",1650,1650,11.8964723839403,16.9798510103014,5.08337862636103,17.942391650557,14.1836792051014,0.663037158904679,1.19714009071738,0.534102931812704,12.1735376441929,9.51368350080329,-2.65985414338962,0.328594735373486,0.0744820368383189,1.81549524822139,2.39888526633114,0.58339001810975,7.54875843807442e-11,2.15895879885214e-12
"crosswalk_sensitivity_full","syntax_full","overview_full","Model6","female",1650,1650,1.53726579346635,-1.6818386987136,-3.21910449217994,17.942391650557,14.1836792051014,0.0856778641000529,-0.118575630088186,-0.204253494188239,0.847270338012688,0.662146211813497,-0.185124126199191,0.0698032753922298,0.0111777337284295,0.850736540641278,0.66532203452084,-0.185414506120439,0.0709488150104224,0.0115696337849227
"crosswalk_sensitivity_full","syntax_full","overview_full","Model6","par_edu_yrs",1650,1650,0.298634872506271,0.229769407086384,-0.0688654654198869,17.942391650557,14.1836792051014,0.0166440950750844,0.0161995631573325,-0.000444531917751883,0.116281199485028,0.0908743671172728,-0.0254068323677552,0.0103105566373108,0.0115508530019888,0.121582480936431,0.093919445833139,-0.0276630351032921,0.0141435645291016,0.0145317144231889
"crosswalk_sensitivity_full","syntax_full","overview_full","Model6","rural_origin",1650,1650,3.62011863870734,2.62071393747446,-0.999404701232879,17.942391650557,14.1836792051014,0.201763438743962,0.184769684901776,-0.0169937538421866,0.912836606047627,0.713386594079108,-0.19945001196852,7.63113999120384e-05,0.000246839724292009,0.913395071988646,0.699932038426568,-0.213463033562078,7.70834984137027e-05,0.000187208215465912
"crosswalk_sensitivity_full","syntax_full","overview_full","Model6","cohort2",1650,1650,-1.07034603126244,-1.29673811130174,-0.2263920800393,17.942391650557,14.1836792051014,-0.0596545907651733,-0.091424664401275,-0.0317700736361017,2.1021613299931,1.64285010205905,-0.459311227934046,0.610705594031613,0.430038140719616,2.15704849486882,1.69543951414496,-0.461608980723862,0.619813936603151,0.444477850528107
"crosswalk_sensitivity_full","syntax_full","overview_full","Model6","cohort3",1650,1650,-7.91495541413237,-6.1756909456051,1.73926446852727,17.942391650557,14.1836792051014,-0.441131570878772,-0.435408250306725,0.0057233205720465,2.07974685465909,1.62533307205537,-0.454413782603723,0.000146598404679862,0.000150211721329597,2.15142384697579,1.67161831239898,-0.479805534576806,0.000241794727774999,0.000227627862215424
"crosswalk_sensitivity_full","syntax_full","overview_full","Model6","cohort4",1650,1650,-9.52185520266215,-7.56364361322465,1.9582115894375,17.942391650557,14.1836792051014,-0.530690411184206,-0.533263866437719,-0.00257345525351316,2.04194166611136,1.59578811897406,-0.446153547137309,3.36741479969864e-06,2.32537597008071e-06,2.09721310393352,1.63132117020228,-0.465891933731237,6.02993208488638e-06,3.82492702318653e-06
"crosswalk_sensitivity_full","syntax_full","overview_full","Model6","bach_x_c2",1650,1650,-3.44219182949291,-2.42135394943572,1.02083788005719,17.942391650557,14.1836792051014,-0.191846878416906,-0.170714094306704,0.0211327841102018,3.3565084184299,2.62312892883332,-0.733379489596577,0.305266035309218,0.356102489667249,3.31126289937139,2.76823821263797,-0.543024686733421,0.298707141369617,0.381870347194334
"crosswalk_sensitivity_full","syntax_full","overview_full","Model6","bach_x_c3",1650,1650,1.76459917104093,0.304855781487409,-1.45974338955352,17.942391650557,14.1836792051014,0.0983480466488507,0.021493420506702,-0.0768546261421488,3.17359191948209,2.48017872578412,-0.69341319369797,0.578269258342337,0.902188041211641,3.0897691424013,2.5685382152806,-0.521230927120703,0.568003324808547,0.905536779026389
"crosswalk_sensitivity_full","syntax_full","overview_full","Model6","bach_x_c4",1650,1650,0.389609423464843,-0.801634357256376,-1.19124378072122,17.942391650557,14.1836792051014,0.0217144643285472,-0.0565180829081395,-0.0782325472366867,3.10967010571068,2.43022349314814,-0.679446612562537,0.900309662696945,0.741547744561881,3.04333169039492,2.51784859730188,-0.525483093093039,0.898148343186572,0.750236851356338
"crosswalk_sensitivity_full","syntax_full","overview_full","Model6","post_x_c2",1650,1650,2.75397168645783,-4.39578868369482,-7.14976037015264,17.942391650557,14.1836792051014,0.15348966515132,-0.309918789062417,-0.463408454213737,12.7808612325521,9.98831006960336,-2.79255116294877,0.829422924530562,0.659927679434344,3.43776449094304,3.39673264598715,-0.0410318449558891,0.423193764854738,0.195805816897459
"crosswalk_sensitivity_full","syntax_full","overview_full","Model6","post_x_c3",1650,1650,9.16727078828544,2.38533733051888,-6.78193345776655,17.942391650557,14.1836792051014,0.51092802825987,0.168174794143747,-0.342753234116122,12.4995592170655,9.76847106949525,-2.73108814757026,0.463415053711641,0.807116340378616,2.95377291129747,3.34113717283792,0.387364261540447,0.00194470133791717,0.47537250155823
"crosswalk_sensitivity_full","syntax_full","overview_full","Model6","post_x_c4",1650,1650,5.26060047856352,-3.90058966102927,-9.1611901395928,17.942391650557,14.1836792051014,0.293193938746745,-0.275005490791582,-0.568199429538327,12.3947984122198,9.68659995119575,-2.70819846102409,0.671315368044225,0.68723708165386,2.86397108006299,2.97908407085237,0.115112990789374,0.0664178422050093,0.190608205486857
"crosswalk_sensitivity_full","syntax_full","overview_full","Model7","(Intercept)",1650,1650,32.5801743400804,33.0145638878423,0.434389547761917,17.942391650557,14.1836792051014,1.81582115554082,2.32764457024437,0.511823414703549,2.61566454138126,2.04377335610493,-0.571891185276328,4.27320489452879e-34,1.3630316495727e-54,2.66838620380643,2.10469963907328,-0.563686564733147,6.99851843085287e-33,8.83842670126836e-52
"crosswalk_sensitivity_full","syntax_full","overview_full","Model7","edu_bachelor",1650,1650,7.67099816191412,6.27464863546628,-1.39634952644784,17.942391650557,14.1836792051014,0.427534874464519,0.442385120583486,0.0148502461189673,0.898731471925361,0.702232036086728,-0.196499435838633,3.12830702423441e-17,1.06400653815546e-18,0.912399511925046,0.706188391399399,-0.206211120525647,8.95671655471686e-17,1.63680731351481e-18
"crosswalk_sensitivity_full","syntax_full","overview_full","Model7","edu_postgrad",1650,1650,17.5864269338175,14.9650239138189,-2.6214030199986,17.942391650557,14.1836792051014,0.98016068740042,1.05508759028028,0.0749269028798554,1.65375227039495,1.29217442617715,-0.361577844217804,1.37238679966092e-25,7.15728611747096e-30,1.44974937984171,1.26405618632456,-0.18569319351715,1.70098156082483e-32,4.33354829693431e-31
"crosswalk_sensitivity_full","syntax_full","overview_full","Model7","female",1650,1650,1.49207919465631,-1.71090782423463,-3.20298701889093,17.942391650557,14.1836792051014,0.0831594373657532,-0.120625107173833,-0.203784544539586,0.84205987369493,0.657951165707962,-0.184108707986968,0.0765898978328463,0.00939619474440617,0.846455598132431,0.664038786736451,-0.18241681139598,0.0781306314283418,0.010066705559557
"crosswalk_sensitivity_full","syntax_full","overview_full","Model7","age",1650,1650,0.345349944338242,0.297732999762444,-0.047616944575798,17.942391650557,14.1836792051014,0.0192477096177711,0.0209912389766513,0.00174352935888022,0.0462866313043698,0.0361664817131971,-0.0101201495911727,1.3832546980469e-13,3.69964014772886e-16,0.0464345449602739,0.0371627467551289,-0.00927179820514502,1.64654650561733e-13,2.1260411770959e-15
"crosswalk_sensitivity_full","syntax_full","overview_full","Model7","par_edu_yrs",1650,1650,0.326604105257012,0.258691746078973,-0.0679123591780393,17.942391650557,14.1836792051014,0.018202930334924,0.0182386912689008,3.57609339767216e-05,0.116414662695521,0.0909616589256539,-0.0254530037698674,0.00508268327549897,0.00451076034345189,0.121489082834482,0.0934183568796041,-0.0280707259548776,0.00725334016264982,0.0056830203165015
"crosswalk_sensitivity_full","syntax_full","overview_full","Model7","rural_origin_f",1650,1650,3.83123453745016,2.91444339396486,-0.916791143485296,17.942391650557,14.1836792051014,0.213529757463031,0.205478659790658,-0.00805109767237383,0.906088361132375,0.707980408596749,-0.198107952535627,2.48402000428543e-05,4.03651765146072e-05,0.911883914757727,0.70148052932182,-0.210403385435908,2.79455083017536e-05,3.42459443472214e-05
"historical_to_syntax_full","historical_common","syntax_full","Model1","(Intercept)",1646,1650,38.4469853491411,39.1751846171571,0.728199268015977,16.343456333607,17.942391650557,2.3524390780231,2.18338699656804,-0.169052081455057,1.81352713302734,1.97721012010249,0.163682987075153,2.33268296256712e-88,1.59142815494809e-78,1.89036151914516,2.03578916106777,0.145427641922604,3.43725013014082e-82,1.37133687664342e-74
"historical_to_syntax_full","historical_common","syntax_full","Model1","edu_bachelor",1646,1650,6.27421648130104,7.75352814678575,1.47931166548471,16.343456333607,17.942391650557,0.383897772492554,0.432134594862946,0.0482368223703923,0.816783079044427,0.890318923113783,0.0735358440693569,2.68383110474201e-14,7.34059519059991e-18,0.827708904828952,0.905010844498157,0.0773019396692053,5.73679006252844e-14,2.39720746966944e-17
"historical_to_syntax_full","historical_common","syntax_full","Model1","edu_postgrad",1646,1650,16.1993986384801,17.9361086429395,1.73671000445942,16.343456333607,17.942391650557,0.991185604061569,0.999649823293358,0.0084642192317893,1.49431679031622,1.63069525812242,0.136378467806198,1.70375405338284e-26,3.33594329071806e-27,1.40404520035493,1.41855560907607,0.0145104087211363,1.14818940334446e-29,4.86829833312466e-35
"historical_to_syntax_full","historical_common","syntax_full","Model1","female",1646,1650,0.942657767125949,1.33135889813914,0.388701131013188,16.343456333607,17.942391650557,0.0576779934356704,0.0742018636126364,0.016523870176966,0.775558234582253,0.845363109658545,0.0698048750762921,0.224366632998584,0.115472762604452,0.778223128388391,0.847885516250921,0.0696623878625302,0.225956776086234,0.116558420037846
"historical_to_syntax_full","historical_common","syntax_full","Model1","age",1646,1650,0.229997001749924,0.29919345123864,0.0691964494887166,16.343456333607,17.942391650557,0.0140727271548419,0.0166752268630449,0.00260249970820299,0.0411642909650834,0.0448735124448232,0.00370922147973981,2.6954909250368e-08,3.54175532662789e-11,0.0421856327799177,0.0456153453990892,0.00342971261917149,5.73904503142397e-08,7.23142234983961e-11
"historical_to_syntax_full","historical_common","syntax_full","Model2","(Intercept)",1646,1650,36.6368445080402,37.2348003849586,0.597955876918398,16.343456333607,17.942391650557,2.24168277261548,2.07524175762837,-0.166441014987108,2.18825749040404,2.3848890971837,0.196631606779664,3.29728119227513e-58,2.39757427774704e-51,2.2842715007142,2.44412460827128,0.159853107557074,6.88846512918064e-54,4.01017811123648e-49
"historical_to_syntax_full","historical_common","syntax_full","Model2","edu_bachelor",1646,1650,6.07212803529118,7.5338977970845,1.46176976179332,16.343456333607,17.942391650557,0.371532674077336,0.419893732330306,0.04836105825297,0.827873789272264,0.90274518041241,0.0748713911401463,3.47971449977601e-13,1.4829120455447e-16,0.835749225597094,0.914551221051714,0.0788019954546202,5.7228203385548e-13,3.53798976981849e-16
"historical_to_syntax_full","historical_common","syntax_full","Model2","edu_postgrad",1646,1650,15.7606445455241,17.4654571055013,1.70481255997716,16.343456333607,17.942391650557,0.964339746979686,0.97341856345885,0.0090788164791642,1.52302920300497,1.66197126048413,0.138942057479158,2.35010112061339e-24,4.79422216397974e-25,1.42909304580013,1.45741802776563,0.0283249819654967,2.47789116754242e-27,8.73180335506755e-32
"historical_to_syntax_full","historical_common","syntax_full","Model2","female",1646,1650,0.917547422447805,1.30761196358638,0.390064541138577,16.343456333607,17.942391650557,0.0561415776270687,0.0728783536249354,0.0167367759978667,0.775465553912036,0.84523480894868,0.0697692550366439,0.236892910764804,0.122046094305284,0.778328229500883,0.84757181279264,0.0692435832917565,0.23862114126584,0.123078014699547
"historical_to_syntax_full","historical_common","syntax_full","Model2","age",1646,1650,0.243204924303156,0.313300627336407,0.0700957030332507,16.343456333607,17.942391650557,0.0148808746044161,0.0174614752279516,0.00258060062353548,0.0421099152698989,0.0458956117037453,0.0037856964338465,9.16191434579188e-09,1.22103010338107e-11,0.0429057489873659,0.0461349230528404,0.00322917406547446,1.7002826124111e-08,1.55120399471479e-11
"historical_to_syntax_full","historical_common","syntax_full","Model2","par_edu_yrs",1646,1650,0.149307953522547,0.160102749988963,0.0107947964664164,16.343456333607,17.942391650557,0.00913564123003316,0.00892315545815169,-0.000212485771881472,0.101087920089575,0.110113561455146,0.00902564136557078,0.139864724779616,0.146143141770224,0.106638939190277,0.115222872182564,0.00858393299228793,0.161664730738578,0.164867407144644
"historical_to_syntax_full","historical_common","syntax_full","Model3","(Intercept)",1646,1650,32.8019142455018,32.4540761872725,-0.347838058229343,16.343456333607,17.942391650557,2.00703655187375,1.8087932099211,-0.198243341952657,2.4226319324467,2.63746058742286,0.214828654976159,1.13601439389318e-39,2.38166624885617e-33,2.47735194660415,2.6733479010904,0.195995954486256,4.28236820794899e-38,1.53435198078557e-32
"historical_to_syntax_full","historical_common","syntax_full","Model3","edu_bachelor",1646,1650,6.20533350148272,7.70413072457963,1.49879722309691,16.343456333607,17.942391650557,0.379683059373599,0.429381482392313,0.0496984230187146,0.825632765983746,0.89924786290961,0.0736150969258632,9.25359493161688e-14,2.40005757303402e-17,0.835089182025355,0.912871324867092,0.0777821428417369,1.73004046698565e-13,6.89559825218401e-17
"historical_to_syntax_full","historical_common","syntax_full","Model3","edu_postgrad",1646,1650,15.8990334550012,17.6366367574878,1.73760330248655,16.343456333607,17.942391650557,0.972807289380283,0.982959078197375,0.0101517888170918,1.51788440134793,1.65432622587001,0.13644182452208,6.7802839448102e-25,1.04990358005359e-25,1.41907867541321,1.44810322678024,0.0290245513670286,3.99211179765511e-28,9.8722375012379e-33
"historical_to_syntax_full","historical_common","syntax_full","Model3","female",1646,1650,1.06221415702832,1.48723549045537,0.425021333427051,16.343456333607,17.942391650557,0.064993238599359,0.0828894786949545,0.0178962400955955,0.773629320349453,0.84219629250773,0.0685669721582768,0.16993168022872,0.0775981097559364,0.777637763914434,0.845866154554698,0.068228390640264,0.172142112938399,0.0788928962986656
"historical_to_syntax_full","historical_common","syntax_full","Model3","age",1646,1650,0.271926208532314,0.349041430667395,0.0771152221350817,16.343456333607,17.942391650557,0.0166382314108891,0.0194534506583775,0.00281521924748845,0.04269391122958,0.0464735321723383,0.00377962094275829,2.46198037962124e-10,9.61251086329946e-14,0.0432655947873892,0.046520074116155,0.00325447932876589,4.19184964468002e-10,1.0160794074963e-13
"historical_to_syntax_full","historical_common","syntax_full","Model3","par_edu_yrs",1646,1650,0.280678643459584,0.324184961828497,0.0435063183689137,16.343456333607,17.942391650557,0.0171737628644943,0.0180681019644576,0.000894339099963355,0.107018842536361,0.116473727016153,0.0094548844797912,0.00880437807522255,0.00544198884651465,0.111325761566676,0.121441361072888,0.0101155995062124,0.0117884788667989,0.00767176915443071
"historical_to_syntax_full","historical_common","syntax_full","Model3","rural_origin",1646,1650,3.02452982446734,3.77083270696836,0.746302882501024,16.343456333607,17.942391650557,0.185060599345073,0.210163326072046,0.0251027267269728,0.833156998952855,0.907655624915697,0.0744986259628421,0.000291897901700492,3.42797618614445e-05,0.827300579031318,0.912257144340717,0.0849565653093991,0.000264366370052751,3.75260578088734e-05
"historical_to_syntax_full","historical_common","syntax_full","Model4","(Intercept)",1646,1650,33.5618226921179,33.1843229479332,-0.377499744184753,16.343456333607,17.942391650557,2.05353274160894,1.8494927317509,-0.204040009858041,2.46966127659796,2.68931634069052,0.219655064092565,6.19860456345052e-40,1.62030904752902e-33,2.5173215041874,2.71928811868651,0.201966614499104,1.42529551547587e-38,7.54799038717178e-33
"historical_to_syntax_full","historical_common","syntax_full","Model4","edu_bachelor",1646,1650,5.15911611346708,6.65624739506495,1.49713128159787,16.343456333607,17.942391650557,0.315668608166953,0.370978826273604,0.0553102181066517,1.11245688855194,1.21114251173482,0.0986856231828821,3.8050279591684e-06,4.50113331886865e-08,1.09560591409715,1.19373094266466,0.0981250285675022,2.70058275917247e-06,2.87284093690076e-08
"historical_to_syntax_full","historical_common","syntax_full","Model4","edu_postgrad",1646,1650,14.1155297823308,16.1999064811711,2.08437669884026,16.343456333607,17.942391650557,0.863680820886408,0.902884453571059,0.0392036326846517,1.91969467932446,2.09290120634583,0.173206527021377,3.0483004671424e-13,1.72058451349711e-14,1.86037368036825,1.90351141367783,0.0431377333095748,5.44181076864533e-14,3.84495488871897e-17
"historical_to_syntax_full","historical_common","syntax_full","Model4","female",1646,1650,1.049302814535,1.47487367269897,0.425570858163969,16.343456333607,17.942391650557,0.0642032378657459,0.0822005060096425,0.0179972681438966,0.77342915806189,0.842223468839505,0.068794310777615,0.175067112567742,0.080104028580948,0.777720526056545,0.846208098622862,0.0684875725663173,0.177458371047154,0.0815347605501861
"historical_to_syntax_full","historical_common","syntax_full","Model4","age",1646,1650,0.266895458988893,0.344523433025241,0.077627974036348,16.343456333607,17.942391650557,0.016330417112571,0.0192016448941212,0.00287122778155018,0.0427799994098151,0.0465800266279501,0.00380002721813503,5.60232293965241e-10,2.2220616288051e-13,0.0433676275776295,0.0466596061199231,0.00329197854229366,9.46591812346362e-10,2.43574196802746e-13
"historical_to_syntax_full","historical_common","syntax_full","Model4","par_edu_yrs",1646,1650,0.29431583300128,0.335933338495028,0.0416175054937478,16.343456333607,17.942391650557,0.0180081756877876,0.0187228851670173,0.000714709479229622,0.107294199396007,0.116810837534625,0.0095166381386179,0.00615307379568771,0.00408110651310854,0.111927212987203,0.12209480853858,0.0101675955513768,0.00863041199051364,0.00599911088884234
"historical_to_syntax_full","historical_common","syntax_full","Model4","rural_origin",1646,1650,1.65083043174702,2.44913447719222,0.798304045445193,16.343456333607,17.942391650557,0.1010086482351,0.136499889473552,0.0354912412384523,1.20570540033681,1.31446315803993,0.108757757703124,0.171130130637359,0.0626098003927976,1.23529719728373,1.35562926689732,0.120332069613596,0.18160977045482,0.0710014955242774
"historical_to_syntax_full","historical_common","syntax_full","Model4","bach_x_rural",1646,1650,2.20472214492619,2.2352983059456,0.0305761610194168,16.343456333607,17.942391650557,0.134899381129843,0.124581959277219,-0.0103174218526236,1.62639722495859,1.77194526170879,0.145548036750204,0.17541775229838,0.2073102115505,1.65618742892437,1.81876423021992,0.162576801295544,0.18330748823695,0.219240370276955
"historical_to_syntax_full","historical_common","syntax_full","Model4","post_x_rural",1646,1650,4.3800698704589,3.42486659586549,-0.955203274593407,16.343456333607,17.942391650557,0.26800144235416,0.190881275058956,-0.0771201672952034,3.09010328088868,3.36907897832449,0.278975697435802,0.156541421484125,0.309513253775549,2.82182241087874,2.83994897692916,0.0181265660504177,0.120804526001175,0.228006524367982
"historical_to_syntax_full","historical_common","syntax_full","Model5","(Intercept)",1646,1650,48.858706066032,52.1199948485398,3.26128878250781,16.343456333607,17.942391650557,2.98949653419173,2.90485214366178,-0.0846443905299474,1.55628326252155,1.69606690399128,0.139783641469723,9.37031924364025e-170,3.46806659984857e-164,1.61068137124513,1.78131172733319,0.170630356088056,9.22452412008084e-161,8.42255426669725e-152
"historical_to_syntax_full","historical_common","syntax_full","Model5","edu_bachelor",1646,1650,6.18387695290864,7.68368242798819,1.49980547507956,16.343456333607,17.942391650557,0.37837020680826,0.428241818461792,0.0498716116535317,0.828886612121567,0.902941674532324,0.0740550624107578,1.39229931873185e-13,3.8745119796696e-17,0.83712544917924,0.916760905360948,0.0796354561817081,2.38101440144849e-13,1.10981822360041e-16
"historical_to_syntax_full","historical_common","syntax_full","Model5","edu_postgrad",1646,1650,15.9710300544281,17.6975558313646,1.72652577693653,16.343456333607,17.942391650557,0.977212514196702,0.986354337595525,0.00914182339882297,1.52296109068671,1.66001545311678,0.137054362430077,6.01137046742598e-25,1.05054853376924e-25,1.42014262303581,1.45061215114615,0.0304695281103367,2.56682637024977e-28,7.82954192354941e-33
"historical_to_syntax_full","historical_common","syntax_full","Model5","female",1646,1650,1.09831283257665,1.47124826043946,0.372935427862809,16.343456333607,17.942391650557,0.0672019926604015,0.0819984475366072,0.0147964548762058,0.777309641484486,0.846234809514516,0.0689251680300307,0.157855542318256,0.0822959379984537,0.77976816231691,0.848312939199705,0.0685447768827948,0.159169404356649,0.0830486549868982
"historical_to_syntax_full","historical_common","syntax_full","Model5","par_edu_yrs",1646,1650,0.259678736929846,0.29776496375625,0.0380862268264031,16.343456333607,17.942391650557,0.0158888506585887,0.0165956116417181,0.000706760983129443,0.106700948893305,0.116157289788081,0.00945634089477637,0.0150514930053899,0.0104517855435439,0.111118454126925,0.12143246633302,0.0103140122060952,0.0195616026471343,0.0143059251280762
"historical_to_syntax_full","historical_common","syntax_full","Model5","rural_origin",1646,1650,2.91848875680422,3.59265597490668,0.674167218102468,16.343456333607,17.942391650557,0.178572310362707,0.200232836562519,0.0216605261998119,0.833799700979947,0.908447467168785,0.074647766188838,0.000477319328587295,7.98847117075952e-05,0.827090495022298,0.911048073836246,0.0839575788139476,0.000429272747803216,8.37044818885253e-05
"historical_to_syntax_full","historical_common","syntax_full","Model5","cohort2",1646,1650,-3.54184236325777,-2.61281743023535,0.929024933022418,16.343456333607,17.942391650557,-0.216713178103869,-0.145622583718054,0.0710905943858145,1.49150446065292,1.62511202055541,0.133607559902494,0.0176789641629391,0.108076435585529,1.49332822479301,1.60735735163458,0.114029126841571,0.0178178401276424,0.104240391253639
"historical_to_syntax_full","historical_common","syntax_full","Model5","cohort3",1646,1650,-5.80916807420377,-6.58374924107346,-0.774581166869689,16.343456333607,17.942391650557,-0.355443056574171,-0.366938219235064,-0.0114951626608921,1.43258057353204,1.56096731278871,0.128386739256673,5.24813774189837e-05,2.60237795244336e-05,1.41126987692712,1.52315099155014,0.111881114623028,4.04224426041413e-05,1.63572693285219e-05
"historical_to_syntax_full","historical_common","syntax_full","Model5","cohort4",1646,1650,-7.88525728965804,-9.27665956489453,-1.39140227523649,16.343456333607,17.942391650557,-0.482471830236033,-0.517024694676451,-0.034552864440418,1.42177880869487,1.54960952896274,0.127830720267872,3.40122870200528e-08,2.62883616706844e-09,1.41327147685091,1.51650245128537,0.103230974434459,2.81881382156017e-08,1.18864097551769e-09
"historical_to_syntax_full","historical_common","syntax_full","Model6","(Intercept)",1646,1650,48.9497306453245,52.1318994936453,3.18216884832077,16.343456333607,17.942391650557,2.99506601578941,2.90551563631858,-0.0895503794708334,1.7610988357912,1.9202896719312,0.159190836139998,1.62286320651392e-139,2.76253109253536e-134,1.85160764852028,2.05878340059979,0.207175752079511,1.78718406968357e-128,1.26643027645352e-119
"historical_to_syntax_full","historical_common","syntax_full","Model6","edu_bachelor",1646,1650,5.87312464614316,7.73951078699188,1.86638614084873,16.343456333607,17.942391650557,0.359356339703143,0.431353352313632,0.0719970126104891,2.52188992154857,2.75013448919462,0.228244567646054,0.0199881981503605,0.00494797709438201,2.48840294516512,2.63654744455475,0.148144499389631,0.0183823305590833,0.00337691096029597
"historical_to_syntax_full","historical_common","syntax_full","Model6","edu_postgrad",1646,1650,15.7635299614951,11.8964723839403,-3.8670575775548,16.343456333607,17.942391650557,0.964516295679798,0.663037158904679,-0.301479136775119,11.1631394167407,12.1735376441929,1.01039822745221,0.158109675555544,0.328594735373486,1.6657514457671,1.81549524822139,0.149743802454295,1.00312654101834e-20,7.54875843807442e-11
"historical_to_syntax_full","historical_common","syntax_full","Model6","female",1646,1650,1.16661866875588,1.53726579346635,0.370647124710471,16.343456333607,17.942391650557,0.0713813923409189,0.0856778641000529,0.014296471759134,0.777959111183068,0.847270338012688,0.0693112268296205,0.133914515275754,0.0698032753922298,0.781254904669293,0.850736540641278,0.0694816359719855,0.135561895294259,0.0709488150104224
"historical_to_syntax_full","historical_common","syntax_full","Model6","par_edu_yrs",1646,1650,0.258030117634771,0.298634872506271,0.0406047548715004,16.343456333607,17.942391650557,0.0157879773022176,0.0166440950750844,0.000856117772866843,0.106775964932236,0.116281199485028,0.0095052345527921,0.0157772792688781,0.0103105566373108,0.111384903818186,0.121582480936431,0.0101975771182448,0.0206509474371005,0.0141435645291016
"historical_to_syntax_full","historical_common","syntax_full","Model6","rural_origin",1646,1650,2.95610717674094,3.62011863870734,0.664011461966396,16.343456333607,17.942391650557,0.180874052366898,0.201763438743962,0.0208893863770643,0.83754374510575,0.912836606047627,0.0752928609418778,0.000427909193947317,7.63113999120384e-05,0.82875220805487,0.913395071988646,0.0846428639337763,0.00037161096027137,7.70834984137027e-05
"historical_to_syntax_full","historical_common","syntax_full","Model6","cohort2",1646,1650,-2.25180160016177,-1.07034603126244,1.18145556889933,16.343456333607,17.942391650557,-0.13778001141236,-0.0596545907651733,0.0781254206471862,1.92768151384539,2.1021613299931,0.174479816147708,0.242921079205092,0.610705594031613,1.98608066568688,2.15704849486882,0.170967829181941,0.257048590228688,0.619813936603151
"historical_to_syntax_full","historical_common","syntax_full","Model6","cohort3",1646,1650,-6.87838879223513,-7.91495541413237,-1.03656662189724,16.343456333607,17.942391650557,-0.420865002593798,-0.441131570878772,-0.0202665682849738,1.90713007289961,2.07974685465909,0.172616781759484,0.000319494414907268,0.000146598404679862,1.95014427559706,2.15142384697579,0.201279571378732,0.000431741282701185,0.000241794727774999
"historical_to_syntax_full","historical_common","syntax_full","Model6","cohort4",1646,1650,-8.35416731505538,-9.52185520266215,-1.16768788760677,16.343456333607,17.942391650557,-0.511162825324576,-0.530690411184206,-0.0195275858596298,1.87247139593851,2.04194166611136,0.169470270172852,8.69288219417043e-06,3.36741479969864e-06,1.9297698666962,2.09721310393352,0.167443237237314,1.58824315866629e-05,6.02993208488638e-06
"historical_to_syntax_full","historical_common","syntax_full","Model6","bach_x_c2",1646,1650,-2.65544882167798,-3.44219182949291,-0.78674300781493,16.343456333607,17.942391650557,-0.162477799522589,-0.191846878416906,-0.0293690788943167,3.08006273636689,3.3565084184299,0.276445682063003,0.388736590060393,0.305266035309218,3.09431305487828,3.31126289937139,0.216949844493115,0.390924299892208,0.298707141369617
"historical_to_syntax_full","historical_common","syntax_full","Model6","bach_x_c3",1646,1650,1.39729379761082,1.76459917104093,0.36730537343011,16.343456333607,17.942391650557,0.0854956117658889,0.0983480466488507,0.0128524348829619,2.91133602015738,3.17359191948209,0.262255899324712,0.631327773094501,0.578269258342337,2.8817042839277,3.0897691424013,0.208064858473602,0.627823378249432,0.568003324808547
"historical_to_syntax_full","historical_common","syntax_full","Model6","bach_x_c4",1646,1650,1.22795496645457,0.389609423464843,-0.838345542989731,16.343456333607,17.942391650557,0.0751343498822544,0.0217144643285472,-0.0534198855537072,2.85191109893961,3.10967010571068,0.257759006771066,0.66683600965157,0.900309662696945,2.84840257452159,3.04333169039492,0.194929115873327,0.666450430522067,0.898148343186572
"historical_to_syntax_full","historical_common","syntax_full","Model6","post_x_c2",1646,1650,-2.68415249421174,2.75397168645783,5.43812418066956,16.343456333607,17.942391650557,-0.164234078729866,0.15348966515132,0.317723743881186,11.7200369985705,12.7808612325521,1.0608242339816,0.818880120333449,0.829422924530562,3.29491938075359,3.43776449094304,0.142845110189444,0.415400919743851,0.423193764854738
"historical_to_syntax_full","historical_common","syntax_full","Model6","post_x_c3",1646,1650,4.4788152808565,9.16727078828544,4.68845550742894,16.343456333607,17.942391650557,0.274043335108176,0.51092802825987,0.236884693151694,11.4620802766378,12.4995592170655,1.03747894042769,0.696032590614653,0.463415053711641,2.89413382281792,2.95377291129747,0.0596390884795501,0.121924805358647,0.00194470133791717
"historical_to_syntax_full","historical_common","syntax_full","Model6","post_x_c4",1646,1650,-1.10070716453512,5.26060047856352,6.36130764309865,16.343456333607,17.942391650557,-0.0673484936152546,0.293193938746745,0.360542432362,11.3660186325608,12.3947984122198,1.02877977965903,0.922863824202955,0.671315368044225,2.71831784907154,2.86397108006299,0.145653230991454,0.685587820887057,0.0664178422050093
"historical_to_syntax_full","historical_common","syntax_full","Model7","(Intercept)",1646,1650,32.8841504822617,32.5801743400804,-0.303976142181341,16.343456333607,17.942391650557,2.0120683049547,1.81582115554082,-0.196247149413877,2.40258697768707,2.61566454138126,0.213077563694185,1.85947420434759e-40,4.27320489452879e-34,2.47814873095023,2.66838620380643,0.1902374728562,3.02299102269369e-38,6.99851843085287e-33
"historical_to_syntax_full","historical_common","syntax_full","Model7","edu_bachelor",1646,1650,6.17926244226146,7.67099816191412,1.49173571965266,16.343456333607,17.942391650557,0.378087860739412,0.427534874464519,0.0494470137251068,0.825168027999749,0.898731471925361,0.073563443925612,1.1323469723906e-13,3.12830702423441e-17,0.834731851471423,0.912399511925046,0.0776676604536225,2.12330776479423e-13,8.95671655471686e-17
"historical_to_syntax_full","historical_common","syntax_full","Model7","edu_postgrad",1646,1650,15.8592653780317,17.5864269338175,1.72716155578579,16.343456333607,17.942391650557,0.970374017240183,0.98016068740042,0.00978667016023738,1.51735591123843,1.65375227039495,0.136396359156519,8.47633186714784e-25,1.37238679966092e-25,1.4193316850334,1.44974937984171,0.0304176948083081,5.46728593804797e-28,1.70098156082483e-32
"historical_to_syntax_full","historical_common","syntax_full","Model7","female",1646,1650,1.06687605224484,1.49207919465631,0.425203142411466,16.343456333607,17.942391650557,0.065278483967374,0.0831594373657532,0.0178809533983791,0.773504385615574,0.84205987369493,0.0685554880793559,0.167997833284327,0.0765898978328463,0.778037734100958,0.846455598132431,0.0684178640314735,0.170488025706181,0.0781306314283418
"historical_to_syntax_full","historical_common","syntax_full","Model7","age",1646,1650,0.269091118674592,0.345349944338242,0.0762588256636498,16.343456333607,17.942391650557,0.0164647619929244,0.0192477096177711,0.00278294762484669,0.0425217904577148,0.0462866313043698,0.00376484084665498,3.19105434307069e-10,1.3832546980469e-13,0.0432358381175345,0.0464345449602739,0.00319870684273942,6.14965313207459e-10,1.64654650561733e-13
"historical_to_syntax_full","historical_common","syntax_full","Model7","par_edu_yrs",1646,1650,0.283297137106631,0.326604105257012,0.043306968150381,16.343456333607,17.942391650557,0.0173339795037166,0.018202930334924,0.00086895083120743,0.106964005321416,0.116414662695521,0.0094506573741058,0.00816192212151959,0.00508268327549897,0.111405509969135,0.121489082834482,0.0100835728653465,0.0110837804516227,0.00725334016264982
"historical_to_syntax_full","historical_common","syntax_full","Model7","rural_origin_f",1646,1650,3.08883700019816,3.83123453745016,0.742397537251993,16.343456333607,17.942391650557,0.188995334716721,0.213529757463031,0.0245344227463106,0.831702992892501,0.906088361132375,0.0743853682398745,0.000210951336922134,2.48402000428543e-05,0.827326870534022,0.911883914757727,0.0845570442237052,0.000195280286377201,2.79455083017536e-05
